"id","opportunity","percentile","cutoff","accessibility"
"1","Sports",50,15,2
"2","Sports",50,15,8
"3","Sports",50,15,0
"4","Sports",50,15,2
"5","Sports",50,15,3
"6","Sports",50,15,6
"7","Sports",50,15,2
"8","Sports",50,15,1
"9","Sports",50,15,3
"10","Sports",50,15,3
"11","Sports",50,15,2
"12","Sports",50,15,5
"13","Sports",50,15,2
"14","Sports",50,15,2
"15","Sports",50,15,2
"16","Sports",50,15,3
"17","Sports",50,15,2
"18","Sports",50,15,0
"19","Sports",50,15,1
"20","Sports",50,15,2
"21","Sports",50,15,12
"22","Sports",50,15,2
"23","Sports",50,15,0
"24","Sports",50,15,2
"25","Sports",50,15,8
"26","Sports",50,15,0
"27","Sports",50,15,7
"28","Sports",50,15,15
"29","Sports",50,15,3
"30","Sports",50,15,3
"31","Sports",50,15,7
"32","Sports",50,15,1
"33","Sports",50,15,3
"34","Sports",50,15,10
"35","Sports",50,15,10
"36","Sports",50,15,10
"37","Sports",50,15,7
"38","Sports",50,15,3
"39","Sports",50,15,15
"40","Sports",50,15,3
"41","Sports",50,15,11
"42","Sports",50,15,5
"43","Sports",50,15,0
"44","Sports",50,15,1
"45","Sports",50,15,6
"46","Sports",50,15,11
"47","Sports",50,15,3
"48","Sports",50,15,3
"49","Sports",50,15,3
"50","Sports",50,15,3
"51","Sports",50,15,3
"52","Sports",50,15,2
"53","Sports",50,15,11
"54","Sports",50,15,2
"55","Sports",50,15,5
"56","Sports",50,15,0
"57","Sports",50,15,24
"58","Sports",50,15,16
"59","Sports",50,15,0
"60","Sports",50,15,28
"61","Sports",50,15,28
"62","Sports",50,15,0
"63","Sports",50,15,6
"64","Sports",50,15,6
"65","Sports",50,15,2
"66","Sports",50,15,6
"67","Sports",50,15,3
"68","Sports",50,15,3
"69","Sports",50,15,2
"70","Sports",50,15,0
"71","Sports",50,15,4
"72","Sports",50,15,6
"73","Sports",50,15,5
"74","Sports",50,15,27
"75","Sports",50,15,1
"76","Sports",50,15,10
"77","Sports",50,15,10
"78","Sports",50,15,0
"79","Sports",50,15,6
"80","Sports",50,15,5
"81","Sports",50,15,0
"82","Sports",50,15,11
"83","Sports",50,15,11
"84","Sports",50,15,11
"85","Sports",50,15,7
"86","Sports",50,15,6
"87","Sports",50,15,5
"88","Sports",50,15,2
"89","Sports",50,15,10
"90","Sports",50,15,11
"91","Sports",50,15,29
"92","Sports",50,15,4
"93","Sports",50,15,2
"94","Sports",50,15,6
"95","Sports",50,15,23
"96","Sports",50,15,0
"97","Sports",50,15,3
"98","Sports",50,15,8
"99","Sports",50,15,10
"100","Sports",50,15,17
"101","Sports",50,15,4
"102","Sports",50,15,17
"103","Sports",50,15,4
"104","Sports",50,15,2
"105","Sports",50,15,2
"106","Sports",50,15,5
"107","Sports",50,15,8
"108","Sports",50,15,28
"109","Sports",50,15,5
"110","Sports",50,15,28
"111","Sports",50,15,7
"112","Sports",50,15,6
"113","Sports",50,15,3
"114","Sports",50,15,4
"115","Sports",50,15,3
"116","Sports",50,15,3
"117","Sports",50,15,3
"118","Sports",50,15,6
"119","Sports",50,15,18
"120","Sports",50,15,9
"121","Sports",50,15,2
"122","Sports",50,15,12
"123","Sports",50,15,12
"124","Sports",50,15,7
"125","Sports",50,15,8
"126","Sports",50,15,4
"127","Sports",50,15,3
"128","Sports",50,15,28
"129","Sports",50,15,4
"130","Sports",50,15,7
"131","Sports",50,15,21
"132","Sports",50,15,4
"133","Sports",50,15,2
"134","Sports",50,15,3
"135","Sports",50,15,6
"136","Sports",50,15,8
"137","Sports",50,15,7
"138","Sports",50,15,5
"139","Sports",50,15,9
"140","Sports",50,15,2
"141","Sports",50,15,11
"142","Sports",50,15,9
"143","Sports",50,15,5
"144","Sports",50,15,11
"145","Sports",50,15,5
"146","Sports",50,15,4
"147","Sports",50,15,28
"148","Sports",50,15,28
"149","Sports",50,15,11
"150","Sports",50,15,4
"151","Sports",50,15,17
"152","Sports",50,15,5
"153","Sports",50,15,7
"154","Sports",50,15,1
"155","Sports",50,15,11
"156","Sports",50,15,8
"157","Sports",50,15,9
"158","Sports",50,15,6
"159","Sports",50,15,8
"160","Sports",50,15,5
"161","Sports",50,15,33
"162","Sports",50,15,4
"163","Sports",50,15,6
"164","Sports",50,15,23
"165","Sports",50,15,4
"166","Sports",50,15,10
"167","Sports",50,15,13
"168","Sports",50,15,18
"169","Sports",50,15,13
"170","Sports",50,15,3
"171","Sports",50,15,5
"172","Sports",50,15,5
"173","Sports",50,15,14
"174","Sports",50,15,5
"175","Sports",50,15,5
"176","Sports",50,15,1
"177","Sports",50,15,31
"178","Sports",50,15,4
"179","Sports",50,15,27
"180","Sports",50,15,6
"181","Sports",50,15,8
"182","Sports",50,15,1
"183","Sports",50,15,4
"184","Sports",50,15,9
"185","Sports",50,15,3
"186","Sports",50,15,17
"187","Sports",50,15,1
"188","Sports",50,15,12
"189","Sports",50,15,2
"190","Sports",50,15,7
"191","Sports",50,15,3
"192","Sports",50,15,3
"193","Sports",50,15,9
"194","Sports",50,15,10
"195","Sports",50,15,3
"196","Sports",50,15,1
"197","Sports",50,15,3
"198","Sports",50,15,3
"199","Sports",50,15,7
"200","Sports",50,15,14
"201","Sports",50,15,14
"202","Sports",50,15,2
"203","Sports",50,15,11
"204","Sports",50,15,12
"205","Sports",50,15,5
"206","Sports",50,15,18
"207","Sports",50,15,11
"208","Sports",50,15,0
"209","Sports",50,15,2
"210","Sports",50,15,3
"211","Sports",50,15,7
"212","Sports",50,15,6
"213","Sports",50,15,1
"214","Sports",50,15,0
"215","Sports",50,15,1
"216","Sports",50,15,0
"217","Sports",50,15,5
"218","Sports",50,15,9
"219","Sports",50,15,2
"220","Sports",50,15,10
"221","Sports",50,15,2
"222","Sports",50,15,13
"223","Sports",50,15,0
"224","Sports",50,15,1
"225","Sports",50,15,1
"226","Sports",50,15,5
"227","Sports",50,15,10
"228","Sports",50,15,2
"229","Sports",50,15,0
"230","Sports",50,15,3
"231","Sports",50,15,17
"232","Sports",50,15,0
"233","Sports",50,15,4
"234","Sports",50,15,0
"235","Sports",50,15,1
"236","Sports",50,15,1
"237","Sports",50,15,2
"238","Sports",50,15,5
"239","Sports",50,15,0
"240","Sports",50,15,1
"241","Sports",50,15,0
"242","Sports",50,15,12
"243","Sports",50,15,0
"244","Sports",50,15,10
"245","Sports",50,15,2
"246","Sports",50,15,4
"247","Sports",50,15,2
"248","Sports",50,15,0
"249","Sports",50,15,6
"250","Sports",50,15,2
"251","Sports",50,15,0
"252","Sports",50,15,11
"253","Sports",50,15,1
"254","Sports",50,15,9
"255","Sports",50,15,1
"256","Sports",50,15,2
"257","Sports",50,15,7
"258","Sports",50,15,1
"259","Sports",50,15,12
"260","Sports",50,15,9
"261","Sports",50,15,9
"262","Sports",50,15,2
"263","Sports",50,15,6
"264","Sports",50,15,2
"265","Sports",50,15,9
"266","Sports",50,15,4
"267","Sports",50,15,16
"268","Sports",50,15,8
"269","Sports",50,15,3
"270","Sports",50,15,10
"271","Sports",50,15,4
"272","Sports",50,15,16
"273","Sports",50,15,9
"274","Sports",50,15,12
"275","Sports",50,15,8
"276","Sports",50,15,16
"277","Sports",50,15,14
"278","Sports",50,15,9
"279","Sports",50,15,7
"280","Sports",50,15,5
"281","Sports",50,15,10
"282","Sports",50,15,6
"283","Sports",50,15,1
"284","Sports",50,15,8
"285","Sports",50,15,15
"286","Sports",50,15,6
"287","Sports",50,15,16
"288","Sports",50,15,6
"289","Sports",50,15,0
"290","Sports",50,15,6
"291","Sports",50,15,7
"292","Sports",50,15,10
"293","Sports",50,15,9
"294","Sports",50,15,10
"295","Sports",50,15,3
"296","Sports",50,15,8
"297","Sports",50,15,0
"298","Sports",50,15,9
"299","Sports",50,15,3
"300","Sports",50,15,9
"301","Sports",50,15,11
"302","Sports",50,15,7
"303","Sports",50,15,9
"304","Sports",50,15,4
"305","Sports",50,15,0
"306","Sports",50,15,12
"307","Sports",50,15,0
"308","Sports",50,15,2
"309","Sports",50,15,5
"310","Sports",50,15,2
"311","Sports",50,15,10
"312","Sports",50,15,19
"313","Sports",50,15,11
"314","Sports",50,15,12
"315","Sports",50,15,11
"316","Sports",50,15,5
"317","Sports",50,15,2
"318","Sports",50,15,7
"319","Sports",50,15,1
"320","Sports",50,15,25
"321","Sports",50,15,2
"322","Sports",50,15,5
"323","Sports",50,15,3
"324","Sports",50,15,5
"325","Sports",50,15,9
"326","Sports",50,15,21
"327","Sports",50,15,23
"328","Sports",50,15,4
"329","Sports",50,15,2
"330","Sports",50,15,3
"331","Sports",50,15,3
"332","Sports",50,15,6
"333","Sports",50,15,1
"334","Sports",50,15,5
"335","Sports",50,15,4
"336","Sports",50,15,16
"337","Sports",50,15,10
"338","Sports",50,15,6
"339","Sports",50,15,16
"340","Sports",50,15,12
"341","Sports",50,15,14
"342","Sports",50,15,8
"343","Sports",50,15,5
"344","Sports",50,15,1
"345","Sports",50,15,14
"346","Sports",50,15,0
"347","Sports",50,15,3
"348","Sports",50,15,3
"349","Sports",50,15,2
"350","Sports",50,15,2
"351","Sports",50,15,2
"352","Sports",50,15,14
"353","Sports",50,15,1
"354","Sports",50,15,21
"355","Sports",50,15,1
"356","Sports",50,15,5
"357","Sports",50,15,3
"358","Sports",50,15,6
"359","Sports",50,15,7
"360","Sports",50,15,13
"361","Sports",50,15,13
"362","Sports",50,15,5
"363","Sports",50,15,11
"364","Sports",50,15,7
"365","Sports",50,15,8
"366","Sports",50,15,6
"367","Sports",50,15,0
"368","Sports",50,15,3
"369","Sports",50,15,5
"370","Sports",50,15,10
"371","Sports",50,15,0
"372","Sports",50,15,2
"373","Sports",50,15,4
"374","Sports",50,15,5
"375","Sports",50,15,6
"376","Sports",50,15,4
"377","Sports",50,15,4
"378","Sports",50,15,3
"379","Sports",50,15,0
"380","Sports",50,15,14
"381","Sports",50,15,7
"382","Sports",50,15,2
"383","Sports",50,15,3
"384","Sports",50,15,19
"385","Sports",50,15,1
"386","Sports",50,15,4
"387","Sports",50,15,6
"388","Sports",50,15,6
"389","Sports",50,15,5
"390","Sports",50,15,8
"391","Sports",50,15,6
"392","Sports",50,15,3
"393","Sports",50,15,0
"394","Sports",50,15,4
"395","Sports",50,15,10
"396","Sports",50,15,2
"397","Sports",50,15,3
"398","Sports",50,15,2
"399","Sports",50,15,4
"400","Sports",50,15,0
"401","Sports",50,15,10
"402","Sports",50,15,11
"403","Sports",50,15,2
"404","Sports",50,15,13
"405","Sports",50,15,7
"406","Sports",50,15,2
"407","Sports",50,15,6
"408","Sports",50,15,4
"409","Sports",50,15,2
"410","Sports",50,15,7
"411","Sports",50,15,12
"412","Sports",50,15,4
"413","Sports",50,15,2
"414","Sports",50,15,9
"415","Sports",50,15,10
"416","Sports",50,15,2
"417","Sports",50,15,6
"418","Sports",50,15,6
"419","Sports",50,15,4
"420","Sports",50,15,5
"421","Sports",50,15,7
"422","Sports",50,15,5
"423","Sports",50,15,5
"424","Sports",50,15,7
"425","Sports",50,15,15
"426","Sports",50,15,23
"427","Sports",50,15,7
"428","Sports",50,15,7
"429","Sports",50,15,6
"430","Sports",50,15,16
"431","Sports",50,15,17
"432","Sports",50,15,16
"433","Sports",50,15,8
"434","Sports",50,15,4
"435","Sports",50,15,18
"436","Sports",50,15,2
"437","Sports",50,15,3
"438","Sports",50,15,4
"439","Sports",50,15,7
"440","Sports",50,15,3
"441","Sports",50,15,4
"442","Sports",50,15,23
"443","Sports",50,15,3
"444","Sports",50,15,2
"445","Sports",50,15,1
"446","Sports",50,15,10
"447","Sports",50,15,6
"448","Sports",50,15,8
"449","Sports",50,15,7
"450","Sports",50,15,3
"451","Sports",50,15,0
"452","Sports",50,15,6
"453","Sports",50,15,1
"454","Sports",50,15,23
"455","Sports",50,15,2
"456","Sports",50,15,1
"457","Sports",50,15,10
"458","Sports",50,15,3
"459","Sports",50,15,4
"460","Sports",50,15,3
"461","Sports",50,15,7
"462","Sports",50,15,4
"463","Sports",50,15,8
"464","Sports",50,15,3
"465","Sports",50,15,4
"466","Sports",50,15,8
"467","Sports",50,15,18
"468","Sports",50,15,7
"469","Sports",50,15,10
"470","Sports",50,15,6
"471","Sports",50,15,8
"472","Sports",50,15,12
"473","Sports",50,15,11
"474","Sports",50,15,0
"475","Sports",50,15,4
"476","Sports",50,15,0
"477","Sports",50,15,14
"478","Sports",50,15,3
"479","Sports",50,15,3
"480","Sports",50,15,5
"481","Sports",50,15,7
"482","Sports",50,15,3
"483","Sports",50,15,1
"484","Sports",50,15,5
"485","Sports",50,15,12
"486","Sports",50,15,8
"487","Sports",50,15,0
"488","Sports",50,15,7
"489","Sports",50,15,3
"490","Sports",50,15,5
"491","Sports",50,15,1
"492","Sports",50,15,6
"493","Sports",50,15,12
"494","Sports",50,15,1
"495","Sports",50,15,9
"496","Sports",50,15,4
"497","Sports",50,15,3
"498","Sports",50,15,14
"499","Sports",50,15,10
"500","Sports",50,15,6
"501","Sports",50,15,19
"502","Sports",50,15,7
"503","Sports",50,15,14
"504","Sports",50,15,14
"505","Sports",50,15,4
"506","Sports",50,15,21
"507","Sports",50,15,21
"508","Sports",50,15,21
"509","Sports",50,15,17
"510","Sports",50,15,34
"511","Sports",50,15,21
"512","Sports",50,15,33
"513","Sports",50,15,24
"514","Sports",50,15,13
"515","Sports",50,15,12
"516","Sports",50,15,18
"517","Sports",50,15,25
"518","Sports",50,15,25
"519","Sports",50,15,4
"520","Sports",50,15,10
"521","Sports",50,15,33
"522","Sports",50,15,6
"523","Sports",50,15,22
"524","Sports",50,15,9
"525","Sports",50,15,40
"526","Sports",50,15,39
"527","Sports",50,15,12
"528","Sports",50,15,33
"529","Sports",50,15,10
"530","Sports",50,15,20
"531","Sports",50,15,24
"532","Sports",50,15,20
"533","Sports",50,15,44
"534","Sports",50,15,16
"535","Sports",50,15,8
"536","Sports",50,15,19
"537","Sports",50,15,4
"538","Sports",50,15,6
"539","Sports",50,15,20
"540","Sports",50,15,15
"541","Sports",50,15,31
"542","Sports",50,15,20
"543","Sports",50,15,20
"544","Sports",50,15,10
"545","Sports",50,15,20
"546","Sports",50,15,20
"547","Sports",50,15,12
"548","Sports",50,15,25
"549","Sports",50,15,93
"550","Sports",50,15,17
"551","Sports",50,15,15
"552","Sports",50,15,28
"553","Sports",50,15,20
"554","Sports",50,15,9
"555","Sports",50,15,7
"556","Sports",50,15,14
"557","Sports",50,15,19
"558","Sports",50,15,17
"559","Sports",50,15,30
"560","Sports",50,15,3
"561","Sports",50,15,9
"562","Sports",50,15,12
"563","Sports",50,15,5
"564","Sports",50,15,17
"565","Sports",50,15,17
"566","Sports",50,15,17
"567","Sports",50,15,10
"568","Sports",50,15,33
"569","Sports",50,15,28
"570","Sports",50,15,11
"571","Sports",50,15,55
"572","Sports",50,15,14
"573","Sports",50,15,4
"574","Sports",50,15,11
"575","Sports",50,15,11
"576","Sports",50,15,8
"577","Sports",50,15,24
"578","Sports",50,15,55
"579","Sports",50,15,18
"580","Sports",50,15,7
"581","Sports",50,15,123
"582","Sports",50,15,11
"583","Sports",50,15,11
"584","Sports",50,15,28
"585","Sports",50,15,18
"586","Sports",50,15,24
"587","Sports",50,15,5
"588","Sports",50,15,18
"589","Sports",50,15,18
"590","Sports",50,15,4
"591","Sports",50,15,52
"592","Sports",50,15,37
"593","Sports",50,15,5
"594","Sports",50,15,14
"595","Sports",50,15,16
"596","Sports",50,15,17
"597","Sports",50,15,17
"598","Sports",50,15,43
"599","Sports",50,15,21
"600","Sports",50,15,29
"601","Sports",50,15,15
"602","Sports",50,15,11
"603","Sports",50,15,28
"604","Sports",50,15,13
"605","Sports",50,15,6
"606","Sports",50,15,16
"607","Sports",50,15,38
"608","Sports",50,15,31
"609","Sports",50,15,22
"610","Sports",50,15,20
"611","Sports",50,15,23
"612","Sports",50,15,22
"613","Sports",50,15,16
"614","Sports",50,15,27
"615","Sports",50,15,5
"616","Sports",50,15,56
"617","Sports",50,15,29
"618","Sports",50,15,12
"619","Sports",50,15,47
"620","Sports",50,15,52
"621","Sports",50,15,75
"622","Sports",50,15,11
"623","Sports",50,15,8
"624","Sports",50,15,11
"625","Sports",50,15,21
"626","Sports",50,15,10
"627","Sports",50,15,14
"628","Sports",50,15,14
"629","Sports",50,15,16
"630","Sports",50,15,28
"631","Sports",50,15,13
"632","Sports",50,15,40
"633","Sports",50,15,25
"634","Sports",50,15,27
"635","Sports",50,15,7
"636","Sports",50,15,12
"637","Sports",50,15,10
"638","Sports",50,15,76
"639","Sports",50,15,64
"640","Sports",50,15,32
"641","Sports",50,15,9
"642","Sports",50,15,15
"643","Sports",50,15,23
"644","Sports",50,15,10
"645","Sports",50,15,16
"646","Sports",50,15,14
"647","Sports",50,15,14
"648","Sports",50,15,19
"649","Sports",50,15,76
"650","Sports",50,15,84
"651","Sports",50,15,8
"652","Sports",50,15,17
"653","Sports",50,15,23
"654","Sports",50,15,14
"655","Sports",50,15,7
"656","Sports",50,15,7
"657","Sports",50,15,40
"658","Sports",50,15,40
"659","Sports",50,15,16
"660","Sports",50,15,40
"661","Sports",50,15,18
"662","Sports",50,15,25
"663","Sports",50,15,58
"664","Sports",50,15,42
"665","Sports",50,15,58
"666","Sports",50,15,50
"667","Sports",50,15,22
"668","Sports",50,15,31
"669","Sports",50,15,46
"670","Sports",50,15,40
"671","Sports",50,15,19
"672","Sports",50,15,81
"673","Sports",50,15,78
"674","Sports",50,15,54
"675","Sports",50,15,0
"676","Sports",50,15,9
"677","Sports",50,15,0
"678","Sports",50,15,11
"679","Sports",50,15,11
"680","Sports",50,15,3
"681","Sports",50,15,11
"682","Sports",50,15,5
"683","Sports",50,15,11
"684","Sports",50,15,9
"685","Sports",50,15,6
"686","Sports",50,15,1
"687","Sports",50,15,5
"688","Sports",50,15,3
"689","Sports",50,15,6
"690","Sports",50,15,5
"691","Sports",50,15,4
"692","Sports",50,15,3
"693","Sports",50,15,3
"694","Sports",50,15,3
"695","Sports",50,15,2
"696","Sports",50,15,8
"697","Sports",50,15,1
"698","Sports",50,15,7
"699","Sports",50,15,7
"700","Sports",50,15,6
"701","Sports",50,15,8
"702","Sports",50,15,8
"703","Sports",50,15,4
"704","Sports",50,15,7
"705","Sports",50,15,4
"706","Sports",50,15,5
"707","Sports",50,15,9
"708","Sports",50,15,0
"709","Sports",50,15,5
"710","Sports",50,15,6
"711","Sports",50,15,15
"712","Sports",50,15,3
"713","Sports",50,15,8
"714","Sports",50,15,4
"715","Sports",50,15,6
"716","Sports",50,15,5
"717","Sports",50,15,10
"718","Sports",50,15,3
"719","Sports",50,15,11
"720","Sports",50,15,5
"721","Sports",50,15,4
"722","Sports",50,15,9
"723","Sports",50,15,11
"724","Sports",50,15,2
"725","Sports",50,15,1
"726","Sports",50,15,6
"727","Sports",50,15,12
"728","Sports",50,15,8
"729","Sports",50,15,11
"730","Sports",50,15,14
"731","Sports",50,15,5
"732","Sports",50,15,15
"733","Sports",50,15,36
"734","Sports",50,15,19
"735","Sports",50,15,3
"736","Sports",50,15,13
"737","Sports",50,15,10
"738","Sports",50,15,8
"739","Sports",50,15,1
"740","Sports",50,15,16
"741","Sports",50,15,4
"742","Sports",50,15,13
"743","Sports",50,15,1
"744","Sports",50,15,7
"745","Sports",50,15,4
"746","Sports",50,15,10
"747","Sports",50,15,8
"748","Sports",50,15,13
"749","Sports",50,15,10
"750","Sports",50,15,4
"751","Sports",50,15,2
"752","Sports",50,15,10
"753","Sports",50,15,0
"754","Sports",50,15,1
"755","Sports",50,15,4
"756","Sports",50,15,1
"757","Sports",50,15,8
"758","Sports",50,15,22
"759","Sports",50,15,4
"760","Sports",50,15,1
"761","Sports",50,15,6
"762","Sports",50,15,6
"763","Sports",50,15,6
"764","Sports",50,15,6
"765","Sports",50,15,10
"766","Sports",50,15,6
"767","Sports",50,15,8
"768","Sports",50,15,12
"769","Sports",50,15,3
"770","Sports",50,15,7
"771","Sports",50,15,6
"772","Sports",50,15,9
"773","Sports",50,15,0
"774","Sports",50,15,4
"775","Sports",50,15,5
"776","Sports",50,15,14
"777","Sports",50,15,11
"778","Sports",50,15,16
"779","Sports",50,15,6
"780","Sports",50,15,14
"781","Sports",50,15,10
"782","Sports",50,15,7
"783","Sports",50,15,4
"784","Sports",50,15,8
"785","Sports",50,15,9
"786","Sports",50,15,10
"787","Sports",50,15,4
"788","Sports",50,15,5
"789","Sports",50,15,43
"790","Sports",50,15,7
"791","Sports",50,15,4
"792","Sports",50,15,15
"793","Sports",50,15,16
"794","Sports",50,15,2
"795","Sports",50,15,10
"796","Sports",50,15,11
"797","Sports",50,15,20
"798","Sports",50,15,4
"799","Sports",50,15,10
"800","Sports",50,15,11
"801","Sports",50,15,9
"802","Sports",50,15,13
"803","Sports",50,15,15
"804","Sports",50,15,1
"805","Sports",50,15,14
"806","Sports",50,15,10
"807","Sports",50,15,4
"808","Sports",50,15,9
"809","Sports",50,15,4
"810","Sports",50,15,11
"811","Sports",50,15,4
"812","Sports",50,15,2
"813","Sports",50,15,4
"814","Sports",50,15,14
"815","Sports",50,15,16
"816","Sports",50,15,4
"817","Sports",50,15,8
"818","Sports",50,15,3
"819","Sports",50,15,5
"820","Sports",50,15,7
"821","Sports",50,15,4
"822","Sports",50,15,7
"823","Sports",50,15,7
"824","Sports",50,15,4
"825","Sports",50,15,4
"826","Sports",50,15,11
"827","Sports",50,15,4
"828","Sports",50,15,20
"829","Sports",50,15,16
"830","Sports",50,15,12
"831","Sports",50,15,2
"832","Sports",50,15,2
"833","Sports",50,15,8
"834","Sports",50,15,0
"835","Sports",50,15,3
"836","Sports",50,15,4
"837","Sports",50,15,2
"838","Sports",50,15,15
"839","Sports",50,15,2
"840","Sports",50,15,12
"841","Sports",50,15,2
"842","Sports",50,15,9
"843","Sports",50,15,15
"844","Sports",50,15,3
"845","Sports",50,15,2
"846","Sports",50,15,6
"847","Sports",50,15,12
"848","Sports",50,15,7
"849","Sports",50,15,3
"850","Sports",50,15,12
"851","Sports",50,15,18
"852","Sports",50,15,8
"853","Sports",50,15,5
"854","Sports",50,15,7
"855","Sports",50,15,5
"856","Sports",50,15,7
"857","Sports",50,15,6
"858","Sports",50,15,3
"859","Sports",50,15,6
"860","Sports",50,15,4
"861","Sports",50,15,1
"862","Sports",50,15,6
"863","Sports",50,15,6
"864","Sports",50,15,9
"865","Sports",50,15,5
"866","Sports",50,15,12
"867","Sports",50,15,1
"868","Sports",50,15,3
"869","Sports",50,15,12
"870","Sports",50,15,3
"871","Sports",50,15,11
"872","Sports",50,15,11
"873","Sports",50,15,3
"874","Sports",50,15,12
"875","Sports",50,15,12
"876","Sports",50,15,24
"877","Sports",50,15,1
"878","Sports",50,15,2
"879","Sports",50,15,8
"880","Sports",50,15,3
"881","Sports",50,15,13
"882","Sports",50,15,1
"883","Sports",50,15,4
"884","Sports",50,15,0
"885","Sports",50,15,14
"886","Sports",50,15,3
"887","Sports",50,15,8
"888","Sports",50,15,8
"889","Sports",50,15,10
"890","Sports",50,15,10
"891","Sports",50,15,8
"892","Sports",50,15,6
"893","Sports",50,15,4
"894","Sports",50,15,7
"895","Sports",50,15,15
"896","Sports",50,15,2
"897","Sports",50,15,5
"898","Sports",50,15,10
"899","Sports",50,15,7
"900","Sports",50,15,14
"901","Sports",50,15,19
"902","Sports",50,15,0
"903","Sports",50,15,2
"904","Sports",50,15,13
"905","Sports",50,15,3
"906","Sports",50,15,7
"907","Sports",50,15,7
"908","Sports",50,15,11
"909","Sports",50,15,12
"910","Sports",50,15,12
"911","Sports",50,15,10
"912","Sports",50,15,6
"913","Sports",50,15,11
"914","Sports",50,15,7
"915","Sports",50,15,0
"916","Sports",50,15,0
"917","Sports",50,15,4
"918","Sports",50,15,0
"919","Sports",50,15,0
"920","Sports",50,15,5
"921","Sports",50,15,7
"922","Sports",50,15,7
"923","Sports",50,15,17
"924","Sports",50,15,22
"925","Sports",50,15,0
"926","Sports",50,15,0
"927","Sports",50,15,4
"928","Sports",50,15,17
"929","Sports",50,15,3
"930","Sports",50,15,5
"931","Sports",50,15,0
"932","Sports",50,15,4
"933","Sports",50,15,8
"934","Sports",50,15,0
"935","Sports",50,15,6
"936","Sports",50,15,8
"937","Sports",50,15,9
"938","Sports",50,15,13
"939","Sports",50,15,5
"940","Sports",50,15,0
"941","Sports",50,15,9
"942","Sports",50,15,0
"943","Sports",50,15,0
"944","Sports",50,15,10
"945","Sports",50,15,2
"946","Sports",50,15,22
"947","Sports",50,15,4
"948","Sports",50,15,5
"949","Sports",50,15,0
"950","Sports",50,15,0
"951","Sports",50,15,10
"952","Sports",50,15,2
"953","Sports",50,15,13
"954","Sports",50,15,10
"955","Sports",50,15,15
"956","Sports",50,15,8
"957","Sports",50,15,6
"958","Sports",50,15,16
"959","Sports",50,15,6
"960","Sports",50,15,11
"961","Sports",50,15,3
"962","Sports",50,15,10
"963","Sports",50,15,10
"964","Sports",50,15,8
"965","Sports",50,15,9
"966","Sports",50,15,9
"967","Sports",50,15,14
"968","Sports",50,15,9
"969","Sports",50,15,12
"970","Sports",50,15,8
"971","Sports",50,15,19
"972","Sports",50,15,2
"973","Sports",50,15,17
"974","Sports",50,15,8
"975","Sports",50,15,7
"976","Sports",50,15,6
"977","Sports",50,15,9
"978","Sports",50,15,12
"979","Sports",50,15,7
"980","Sports",50,15,6
"981","Sports",50,15,3
"982","Sports",50,15,10
"983","Sports",50,15,13
"984","Sports",50,15,8
"985","Sports",50,15,17
"986","Sports",50,15,4
"987","Sports",50,15,9
"988","Sports",50,15,2
"989","Sports",50,15,2
"990","Sports",50,15,13
"991","Sports",50,15,8
"992","Sports",50,15,5
"993","Sports",50,15,17
"994","Sports",50,15,2
"995","Sports",50,15,4
"996","Sports",50,15,12
"997","Sports",50,15,5
"998","Sports",50,15,13
"999","Sports",50,15,19
"1000","Sports",50,15,8
"1001","Sports",50,15,10
"1002","Sports",50,15,9
"1003","Sports",50,15,10
"1004","Sports",50,15,3
"1005","Sports",50,15,9
"1006","Sports",50,15,25
"1007","Sports",50,15,7
"1008","Sports",50,15,1
"1009","Sports",50,15,19
"1010","Sports",50,15,19
"1011","Sports",50,15,0
"1012","Sports",50,15,3
"1013","Sports",50,15,8
"1014","Sports",50,15,11
"1015","Sports",50,15,5
"1016","Sports",50,15,10
"1017","Sports",50,15,4
"1018","Sports",50,15,0
"1019","Sports",50,15,8
"1020","Sports",50,15,9
"1021","Sports",50,15,15
"1022","Sports",50,15,9
"1023","Sports",50,15,6
"1024","Sports",50,15,8
"1025","Sports",50,15,6
"1026","Sports",50,15,0
"1027","Sports",50,15,8
"1028","Sports",50,15,13
"1029","Sports",50,15,3
"1030","Sports",50,15,1
"1031","Sports",50,15,16
"1032","Sports",50,15,12
"1033","Sports",50,15,8
"1034","Sports",50,15,9
"1035","Sports",50,15,14
"1036","Sports",50,15,2
"1037","Sports",50,15,0
"1038","Sports",50,15,7
"1039","Sports",50,15,9
"1040","Sports",50,15,10
"1041","Sports",50,15,5
"1042","Sports",50,15,28
"1043","Sports",50,15,15
"1044","Sports",50,15,8
"1045","Sports",50,15,11
"1046","Sports",50,15,8
"1047","Sports",50,15,8
"1048","Sports",50,15,7
"1049","Sports",50,15,6
"1050","Sports",50,15,11
"1051","Sports",50,15,0
"1052","Sports",50,15,0
"1053","Sports",50,15,1
"1054","Sports",50,15,11
"1055","Sports",50,15,6
"1056","Sports",50,15,8
"1057","Sports",50,15,0
"1058","Sports",50,15,8
"1059","Sports",50,15,10
"1060","Sports",50,15,6
"1061","Sports",50,15,11
"1062","Sports",50,15,15
"1063","Sports",50,15,6
"1064","Sports",50,15,7
"1065","Sports",50,15,12
"1066","Sports",50,15,5
"1067","Sports",50,15,2
"1068","Sports",50,15,12
"1069","Sports",50,15,25
"1070","Sports",50,15,12
"1071","Sports",50,15,8
"1072","Sports",50,15,6
"1073","Sports",50,15,6
"1074","Sports",50,15,17
"1075","Sports",50,15,35
"1076","Sports",50,15,28
"1077","Sports",50,15,18
"1078","Sports",50,15,28
"1079","Sports",50,15,28
"1080","Sports",50,15,35
"1081","Sports",50,15,28
"1082","Sports",50,15,35
"1083","Sports",50,15,35
"1084","Sports",50,15,12
"1085","Sports",50,15,6
"1086","Sports",50,15,28
"1087","Sports",50,15,7
"1088","Sports",50,15,35
"1089","Sports",50,15,19
"1090","Sports",50,15,10
"1091","Sports",50,15,12
"1092","Sports",50,15,35
"1093","Sports",50,15,35
"1094","Sports",50,15,28
"1095","Sports",50,15,10
"1096","Sports",50,15,7
"1097","Sports",50,15,35
"1098","Sports",50,15,16
"1099","Sports",50,15,10
"1100","Sports",50,15,6
"1101","Sports",50,15,10
"1102","Sports",50,15,35
"1103","Sports",50,15,11
"1104","Sports",50,15,37
"1105","Sports",50,15,31
"1106","Sports",50,15,35
"1107","Sports",50,15,35
"1108","Sports",50,15,14
"1109","Sports",50,15,16
"1110","Sports",50,15,11
"1111","Sports",50,15,9
"1112","Sports",50,15,16
"1113","Sports",50,15,8
"1114","Sports",50,15,13
"1115","Sports",50,15,35
"1116","Sports",50,15,2
"1117","Sports",50,15,18
"1118","Sports",50,15,13
"1119","Sports",50,15,2
"1120","Sports",50,15,8
"1121","Sports",50,15,16
"1122","Sports",50,15,35
"1123","Sports",50,15,8
"1124","Sports",50,15,33
"1125","Sports",50,15,10
"1126","Sports",50,15,7
"1127","Sports",50,15,12
"1128","Sports",50,15,48
"1129","Sports",50,15,38
"1130","Sports",50,15,30
"1131","Sports",50,15,9
"1132","Sports",50,15,19
"1133","Sports",50,15,28
"1134","Sports",50,15,35
"1135","Sports",50,15,41
"1136","Sports",50,15,9
"1137","Sports",50,15,60
"1138","Sports",50,15,19
"1139","Sports",50,15,21
"1140","Sports",50,15,6
"1141","Sports",50,15,37
"1142","Sports",50,15,91
"1143","Sports",50,15,9
"1144","Sports",50,15,33
"1145","Sports",50,15,66
"1146","Sports",50,15,18
"1147","Sports",50,15,10
"1148","Sports",50,15,10
"1149","Sports",50,15,17
"1150","Sports",50,15,21
"1151","Sports",50,15,21
"1152","Sports",50,15,38
"1153","Sports",50,15,24
"1154","Sports",50,15,40
"1155","Sports",50,15,19
"1156","Sports",50,15,21
"1157","Sports",50,15,12
"1158","Sports",50,15,7
"1159","Sports",50,15,2
"1160","Sports",50,15,25
"1161","Sports",50,15,10
"1162","Sports",50,15,19
"1163","Sports",50,15,66
"1164","Sports",50,15,41
"1165","Sports",50,15,23
"1166","Sports",50,15,33
"1167","Sports",50,15,22
"1168","Sports",50,15,9
"1169","Sports",50,15,15
"1170","Sports",50,15,21
"1171","Sports",50,15,7
"1172","Sports",50,15,8
"1173","Sports",50,15,0
"1174","Sports",50,15,11
"1175","Sports",50,15,0
"1176","Sports",50,15,11
"1177","Sports",50,15,22
"1178","Sports",50,15,5
"1179","Sports",50,15,6
"1180","Sports",50,15,16
"1181","Sports",50,15,15
"1182","Sports",50,15,18
"1183","Sports",50,15,24
"1184","Sports",50,15,23
"1185","Sports",50,15,5
"1186","Sports",50,15,16
"1187","Sports",50,15,2
"1188","Sports",50,15,28
"1189","Sports",50,15,25
"1190","Sports",50,15,27
"1191","Sports",50,15,12
"1192","Sports",50,15,10
"1193","Sports",50,15,30
"1194","Sports",50,15,23
"1195","Sports",50,15,10
"1196","Sports",50,15,15
"1197","Sports",50,15,22
"1198","Sports",50,15,10
"1199","Sports",50,15,18
"1200","Sports",50,15,22
"1201","Sports",50,15,22
"1202","Sports",50,15,21
"1203","Sports",50,15,17
"1204","Sports",50,15,30
"1205","Sports",50,15,50
"1206","Sports",50,15,8
"1207","Sports",50,15,27
"1208","Sports",50,15,10
"1209","Sports",50,15,8
"1210","Sports",50,15,2
"1211","Sports",50,15,1
"1212","Sports",50,15,8
"1213","Sports",50,15,11
"1214","Sports",50,15,15
"1215","Sports",50,15,46
"1216","Sports",50,15,29
"1217","Sports",50,15,26
"1218","Sports",50,15,28
"1219","Sports",50,15,33
"1220","Sports",50,15,10
"1221","Sports",50,15,10
"1222","Sports",50,15,11
"1223","Sports",50,15,9
"1224","Sports",50,15,11
"1225","Sports",50,15,2
"1226","Sports",50,15,19
"1227","Sports",50,15,19
"1228","Sports",50,15,1
"1229","Sports",50,15,2
"1230","Sports",50,15,18
"1231","Sports",50,15,9
"1232","Sports",50,15,34
"1233","Sports",50,15,1
"1234","Sports",50,15,1
"1235","Sports",50,15,3
"1236","Sports",50,15,15
"1237","Sports",50,15,21
"1238","Sports",50,15,8
"1239","Sports",50,15,22
"1240","Sports",50,15,18
"1241","Sports",50,15,2
"1242","Sports",50,15,14
"1243","Sports",50,15,17
"1244","Sports",50,15,5
"1245","Sports",50,15,17
"1246","Sports",50,15,13
"1247","Sports",50,15,2
"1248","Sports",50,15,17
"1249","Sports",50,15,9
"1250","Sports",50,15,5
"1251","Sports",50,15,18
"1252","Sports",50,15,19
"1253","Sports",50,15,19
"1254","Sports",50,15,3
"1255","Sports",50,15,23
"1256","Sports",50,15,21
"1257","Sports",50,15,7
"1258","Sports",50,15,23
"1259","Sports",50,15,7
"1260","Sports",50,15,1
"1261","Sports",50,15,4
"1262","Sports",50,15,21
"1263","Sports",50,15,34
"1264","Sports",50,15,17
"1265","Sports",50,15,9
"1266","Sports",50,15,3
"1267","Sports",50,15,6
"1268","Sports",50,15,5
"1269","Sports",50,15,10
"1270","Sports",50,15,3
"1271","Sports",50,15,2
"1272","Sports",50,15,18
"1273","Sports",50,15,17
"1274","Sports",50,15,13
"1275","Sports",50,15,15
"1276","Sports",50,15,8
"1277","Sports",50,15,25
"1278","Sports",50,15,3
"1279","Sports",50,15,27
"1280","Sports",50,15,27
"1281","Sports",50,15,10
"1282","Sports",50,15,22
"1283","Sports",50,15,12
"1284","Sports",50,15,22
"1285","Sports",50,15,23
"1286","Sports",50,15,8
"1287","Sports",50,15,3
"1288","Sports",50,15,10
"1289","Sports",50,15,1
"1290","Sports",50,15,2
"1291","Sports",50,15,16
"1292","Sports",50,15,5
"1293","Sports",50,15,8
"1294","Sports",50,15,6
"1295","Sports",50,15,4
"1296","Sports",50,15,17
"1297","Sports",50,15,29
"1298","Sports",50,15,25
"1299","Sports",50,15,27
"1300","Sports",50,15,8
"1301","Sports",50,15,6
"1302","Sports",50,15,26
"1303","Sports",50,15,7
"1304","Sports",50,15,23
"1305","Sports",50,15,21
"1306","Sports",50,15,42
"1307","Sports",50,15,42
"1308","Sports",50,15,2
"1309","Sports",50,15,7
"1310","Sports",50,15,10
"1311","Sports",50,15,46
"1312","Sports",50,15,15
"1313","Sports",50,15,23
"1314","Sports",50,15,24
"1315","Sports",50,15,1
"1316","Sports",50,15,5
"1317","Sports",50,15,14
"1318","Sports",50,15,6
"1319","Sports",50,15,3
"1320","Sports",50,15,7
"1321","Sports",50,15,1
"1322","Sports",50,15,21
"1323","Sports",50,15,3
"1324","Sports",50,15,21
"1325","Sports",50,15,14
"1326","Sports",50,15,28
"1327","Sports",50,15,1
"1328","Sports",50,15,14
"1329","Sports",50,15,3
"1330","Sports",50,15,44
"1331","Sports",50,15,11
"1332","Sports",50,15,14
"1333","Sports",50,15,10
"1334","Sports",50,15,14
"1335","Sports",50,15,27
"1336","Sports",50,15,27
"1337","Sports",50,15,13
"1338","Sports",50,15,18
"1339","Sports",50,15,5
"1340","Sports",50,15,3
"1341","Sports",50,15,2
"1342","Sports",50,15,18
"1343","Sports",50,15,3
"1344","Sports",50,15,8
"1345","Sports",50,15,3
"1346","Sports",50,15,7
"1347","Sports",50,15,1
"1348","Sports",50,15,14
"1349","Sports",50,15,26
"1350","Sports",50,15,29
"1351","Sports",50,15,15
"1352","Sports",50,15,10
"1353","Sports",50,15,26
"1354","Sports",50,15,25
"1355","Sports",50,15,15
"1356","Sports",50,15,3
"1357","Sports",50,15,11
"1358","Sports",50,15,1
"1359","Sports",50,15,14
"1360","Sports",50,15,3
"1361","Sports",50,15,1
"1362","Sports",50,15,4
"1363","Sports",50,15,15
"1364","Sports",50,15,3
"1365","Sports",50,15,6
"1366","Sports",50,15,11
"1367","Sports",50,15,7
"1368","Sports",50,15,11
"1369","Sports",50,15,7
"1370","Sports",50,15,12
"1371","Sports",50,15,12
"1372","Sports",50,15,14
"1373","Sports",50,15,7
"1374","Sports",50,15,11
"1375","Sports",50,15,12
"1376","Sports",50,15,4
"1377","Sports",50,15,16
"1378","Sports",50,15,21
"1379","Sports",50,15,14
"1380","Sports",50,15,9
"1381","Sports",50,15,11
"1382","Sports",50,15,15
"1383","Sports",50,15,9
"1384","Sports",50,15,8
"1385","Sports",50,15,11
"1386","Sports",50,15,18
"1387","Sports",50,15,6
"1388","Sports",50,15,43
"1389","Sports",50,15,18
"1390","Sports",50,15,9
"1391","Sports",50,15,12
"1392","Sports",50,15,7
"1393","Sports",50,15,13
"1394","Sports",50,15,8
"1395","Sports",50,15,6
"1396","Sports",50,15,6
"1397","Sports",50,15,8
"1398","Sports",50,15,41
"1399","Sports",50,15,10
"1400","Sports",50,15,20
"1401","Sports",50,15,8
"1402","Sports",50,15,12
"1403","Sports",50,15,29
"1404","Sports",50,15,11
"1405","Sports",50,15,7
"1406","Sports",50,15,9
"1407","Sports",50,15,15
"1408","Sports",50,15,7
"1409","Sports",50,15,13
"1410","Sports",50,15,8
"1411","Sports",50,15,15
"1412","Sports",50,15,4
"1413","Sports",50,15,5
"1414","Sports",50,15,14
"1415","Sports",50,15,13
"1416","Sports",50,15,12
"1417","Sports",50,15,15
"1418","Sports",50,15,20
"1419","Sports",50,15,9
"1420","Sports",50,15,11
"1421","Sports",50,15,8
"1422","Sports",50,15,9
"1423","Sports",50,15,20
"1424","Sports",50,15,9
"1425","Sports",50,15,20
"1426","Sports",50,15,9
"1427","Sports",50,15,8
"1428","Sports",50,15,17
"1429","Sports",50,15,1
"1430","Sports",50,15,22
"1431","Sports",50,15,8
"1432","Sports",50,15,6
"1433","Sports",50,15,7
"1434","Sports",50,15,8
"1435","Sports",50,15,7
"1436","Sports",50,15,15
"1437","Sports",50,15,10
"1438","Sports",50,15,17
"1439","Sports",50,15,3
"1440","Sports",50,15,8
"1441","Sports",50,15,16
"1442","Sports",50,15,7
"1443","Sports",50,15,7
"1444","Sports",50,15,23
"1445","Sports",50,15,21
"1446","Sports",50,15,5
"1447","Sports",50,15,8
"1448","Sports",50,15,15
"1449","Sports",50,15,10
"1450","Sports",50,15,10
"1451","Sports",50,15,11
"1452","Sports",50,15,1
"1453","Sports",50,15,9
"1454","Sports",50,15,7
"1455","Sports",50,15,20
"1456","Sports",50,15,4
"1457","Sports",50,15,9
"1458","Sports",50,15,8
"1459","Sports",50,15,6
"1460","Sports",50,15,7
"1461","Sports",50,15,20
"1462","Sports",50,15,28
"1463","Sports",50,15,5
"1464","Sports",50,15,17
"1465","Sports",50,15,8
"1466","Sports",50,15,6
"1467","Sports",50,15,17
"1468","Sports",50,15,3
"1469","Sports",50,15,12
"1470","Sports",50,15,15
"1471","Sports",50,15,13
"1472","Sports",50,15,8
"1473","Sports",50,15,10
"1474","Sports",50,15,12
"1475","Sports",50,15,4
"1476","Sports",50,15,10
"1477","Sports",50,15,6
"1478","Sports",50,15,15
"1479","Sports",50,15,17
"1480","Sports",50,15,21
"1481","Sports",50,15,15
"1482","Sports",50,15,11
"1483","Sports",50,15,8
"1484","Sports",50,15,2
"1485","Sports",50,15,12
"1486","Sports",50,15,5
"1487","Sports",50,15,5
"1488","Sports",50,15,8
"1489","Sports",50,15,8
"1490","Sports",50,15,7
"1491","Sports",50,15,0
"1492","Sports",50,15,5
"1493","Sports",50,15,6
"1494","Sports",50,15,10
"1495","Sports",50,15,7
"1496","Sports",50,15,5
"1497","Sports",50,15,4
"1498","Sports",50,15,8
"1499","Sports",50,15,8
"1500","Sports",50,15,2
"1501","Sports",50,15,12
"1502","Sports",50,15,6
"1503","Sports",50,15,12
"1504","Sports",50,15,9
"1505","Sports",50,15,12
"1506","Sports",50,15,7
"1507","Sports",50,15,2
"1508","Sports",50,15,5
"1509","Sports",50,15,1
"1510","Sports",50,15,5
"1511","Sports",50,15,5
"1512","Sports",50,15,1
"1513","Sports",50,15,19
"1514","Sports",50,15,15
"1515","Sports",50,15,9
"1516","Sports",50,15,3
"1517","Sports",50,15,6
"1518","Sports",50,15,2
"1519","Sports",50,15,5
"1520","Sports",50,15,12
"1521","Sports",50,15,0
"1522","Sports",50,15,6
"1523","Sports",50,15,5
"1524","Sports",50,15,3
"1525","Sports",50,15,2
"1526","Sports",50,15,10
"1527","Sports",50,15,2
"1528","Sports",50,15,5
"1529","Sports",50,15,5
"1530","Sports",50,15,5
"1531","Sports",50,15,4
"1532","Sports",50,15,5
"1533","Sports",50,15,0
"1534","Sports",50,15,10
"1535","Sports",50,15,5
"1536","Sports",50,15,10
"1537","Sports",50,15,8
"1538","Sports",50,15,5
"1539","Sports",50,15,3
"1540","Sports",50,15,7
"1541","Sports",50,15,5
"1542","Sports",50,15,5
"1543","Sports",50,15,12
"1544","Sports",50,15,0
"1545","Sports",50,15,2
"1546","Sports",50,15,8
"1547","Sports",50,15,6
"1548","Sports",50,15,12
"1549","Sports",50,15,8
"1550","Sports",50,15,10
"1551","Sports",50,15,7
"1552","Sports",50,15,3
"1553","Sports",50,15,6
"1554","Sports",50,15,13
"1555","Sports",50,15,6
"1556","Sports",50,15,0
"1557","Sports",50,15,3
"1558","Sports",50,15,5
"1559","Sports",50,15,12
"1560","Sports",50,15,3
"1561","Sports",50,15,18
"1562","Sports",50,15,7
"1563","Sports",50,15,2
"1564","Sports",50,15,9
"1565","Sports",50,15,5
"1566","Sports",50,15,2
"1567","Sports",50,15,5
"1568","Sports",50,15,7
"1569","Sports",50,15,7
"1570","Sports",50,15,1
"1571","Sports",50,15,10
"1572","Sports",50,15,8
"1573","Sports",50,15,2
"1574","Sports",50,15,10
"1575","Sports",50,15,13
"1576","Sports",50,15,9
"1577","Sports",50,15,0
"1578","Sports",50,15,12
"1579","Sports",50,15,3
"1580","Sports",50,15,12
"1581","Sports",50,15,5
"1582","Sports",50,15,8
"1583","Sports",50,15,7
"1584","Sports",50,15,5
"1585","Sports",50,15,11
"1586","Sports",50,15,5
"1587","Sports",50,15,4
"1588","Sports",50,15,12
"1589","Sports",50,15,1
"1590","Sports",50,15,5
"1591","Sports",50,15,2
"1592","Sports",50,15,8
"1593","Sports",50,15,6
"1594","Sports",50,15,5
"1595","Sports",50,15,8
"1596","Sports",50,15,9
"1597","Sports",50,15,9
"1598","Sports",50,15,7
"1599","Sports",50,15,5
"1600","Sports",50,15,10
"1601","Sports",50,15,5
"1602","Sports",50,15,9
"1603","Sports",50,15,6
"1604","Sports",50,15,5
"1605","Sports",50,15,20
"1606","Sports",50,15,4
"1607","Sports",50,15,12
"1608","Sports",50,15,6
"1609","Sports",50,15,5
"1610","Sports",50,15,5
"1611","Sports",50,15,5
"1612","Sports",50,15,13
"1613","Sports",50,15,10
"1614","Sports",50,15,4
"1615","Sports",50,15,7
"1616","Sports",50,15,12
"1617","Sports",50,15,5
"1618","Sports",50,15,6
"1619","Sports",50,15,12
"1620","Sports",50,15,9
"1621","Sports",50,15,23
"1622","Sports",50,15,12
"1623","Sports",50,15,15
"1624","Sports",50,15,23
"1625","Sports",50,15,5
"1626","Sports",50,15,5
"1627","Sports",50,15,6
"1628","Sports",50,15,5
"1629","Sports",50,15,10
"1630","Sports",50,15,5
"1631","Sports",50,15,5
"1632","Sports",50,15,0
"1633","Sports",50,15,6
"1634","Sports",50,15,0
"1635","Sports",50,15,3
"1636","Sports",50,15,7
"1637","Sports",50,15,7
"1638","Sports",50,15,5
"1639","Sports",50,15,9
"1640","Sports",50,15,0
"1641","Sports",50,15,3
"1642","Sports",50,15,2
"1643","Sports",50,15,2
"1644","Sports",50,15,2
"1645","Sports",50,15,2
"1646","Sports",50,15,0
"1647","Sports",50,15,3
"1648","Sports",50,15,0
"1649","Sports",50,15,2
"1650","Sports",50,15,9
"1651","Sports",50,15,3
"1652","Sports",50,15,3
"1653","Sports",50,15,3
"1654","Sports",50,15,6
"1655","Sports",50,15,1
"1656","Sports",50,15,3
"1657","Sports",50,15,9
"1658","Sports",50,15,14
"1659","Sports",50,15,1
"1660","Sports",50,15,2
"1661","Sports",50,15,10
"1662","Sports",50,15,10
"1663","Sports",50,15,9
"1664","Sports",50,15,0
"1665","Sports",50,15,4
"1666","Sports",50,15,3
"1667","Sports",50,15,5
"1668","Sports",50,15,2
"1669","Sports",50,15,2
"1670","Sports",50,15,6
"1671","Sports",50,15,10
"1672","Sports",50,15,3
"1673","Sports",50,15,2
"1674","Sports",50,15,11
"1675","Sports",50,15,5
"1676","Sports",50,15,8
"1677","Sports",50,15,3
"1678","Sports",50,15,5
"1679","Sports",50,15,2
"1680","Sports",50,15,2
"1681","Sports",50,15,0
"1682","Sports",50,15,2
"1683","Sports",50,15,4
"1684","Sports",50,15,2
"1685","Sports",50,15,2
"1686","Sports",50,15,3
"1687","Sports",50,15,2
"1688","Sports",50,15,34
"1689","Sports",50,15,12
"1690","Sports",50,15,10
"1691","Sports",50,15,12
"1692","Sports",50,15,12
"1693","Sports",50,15,14
"1694","Sports",50,15,5
"1695","Sports",50,15,12
"1696","Sports",50,15,14
"1697","Sports",50,15,3
"1698","Sports",50,15,11
"1699","Sports",50,15,10
"1700","Sports",50,15,16
"1701","Sports",50,15,8
"1702","Sports",50,15,0
"1703","Sports",50,15,21
"1704","Sports",50,15,16
"1705","Sports",50,15,0
"1706","Sports",50,15,16
"1707","Sports",50,15,9
"1708","Sports",50,15,16
"1709","Sports",50,15,7
"1710","Sports",50,15,1
"1711","Sports",50,15,4
"1712","Sports",50,15,8
"1713","Sports",50,15,12
"1714","Sports",50,15,4
"1715","Sports",50,15,12
"1716","Sports",50,15,11
"1717","Sports",50,15,1
"1718","Sports",50,15,18
"1719","Sports",50,15,8
"1720","Sports",50,15,16
"1721","Sports",50,15,9
"1722","Sports",50,15,9
"1723","Sports",50,15,6
"1724","Sports",50,15,2
"1725","Sports",50,15,9
"1726","Sports",50,15,12
"1727","Sports",50,15,9
"1728","Sports",50,15,3
"1729","Sports",50,15,18
"1730","Sports",50,15,11
"1731","Sports",50,15,2
"1732","Sports",50,15,7
"1733","Sports",50,15,3
"1734","Sports",50,15,4
"1735","Sports",50,15,15
"1736","Sports",50,15,2
"1737","Sports",50,15,3
"1738","Sports",50,15,12
"1739","Sports",50,15,16
"1740","Sports",50,15,19
"1741","Sports",50,15,0
"1742","Sports",50,15,0
"1743","Sports",50,15,2
"1744","Sports",50,15,2
"1745","Sports",50,15,21
"1746","Sports",50,15,5
"1747","Sports",50,15,23
"1748","Sports",50,15,8
"1749","Sports",50,15,14
"1750","Sports",50,15,4
"1751","Sports",50,15,0
"1752","Sports",50,15,0
"1753","Sports",50,15,7
"1754","Sports",50,15,12
"1755","Sports",50,15,4
"1756","Sports",50,15,1
"1757","Sports",50,15,1
"1758","Sports",50,15,1
"1759","Sports",50,15,24
"1760","Sports",50,15,11
"1761","Sports",50,15,12
"1762","Sports",50,15,1
"1763","Sports",50,15,1
"1764","Sports",50,15,2
"1765","Sports",50,15,7
"1766","Sports",50,15,5
"1767","Sports",50,15,5
"1768","Sports",50,15,5
"1769","Sports",50,15,1
"1770","Sports",50,15,13
"1771","Sports",50,15,1
"1772","Sports",50,15,1
"1773","Sports",50,15,10
"1774","Sports",50,15,3
"1775","Sports",50,15,14
"1776","Sports",50,15,3
"1777","Sports",50,15,0
"1778","Sports",50,15,7
"1779","Sports",50,15,0
"1780","Sports",50,15,5
"1781","Sports",50,15,9
"1782","Sports",50,15,3
"1783","Sports",50,15,5
"1784","Sports",50,15,0
"1785","Sports",50,15,1
"1786","Sports",50,15,10
"1787","Sports",50,15,23
"1788","Sports",50,15,19
"1789","Sports",50,15,23
"1790","Sports",50,15,2
"1791","Sports",50,15,11
"1792","Sports",50,15,5
"1793","Sports",50,15,8
"1794","Sports",50,15,4
"1795","Sports",50,15,7
"1796","Sports",50,15,14
"1797","Sports",50,15,3
"1798","Sports",50,15,0
"1799","Sports",50,15,11
"1800","Sports",50,15,6
"1801","Sports",50,15,4
"1802","Sports",50,15,7
"1803","Sports",50,15,0
"1804","Sports",50,15,2
"1805","Sports",50,15,2
"1806","Sports",50,15,11
"1807","Sports",50,15,7
"1808","Sports",50,15,2
"1809","Sports",50,15,11
"1810","Sports",50,15,22
"1811","Sports",50,15,0
"1812","Sports",50,15,9
"1813","Sports",50,15,3
"1814","Sports",50,15,2
"1815","Sports",50,15,1
"1816","Sports",50,15,1
"1817","Sports",50,15,15
"1818","Sports",50,15,8
"1819","Sports",50,15,2
"1820","Sports",50,15,2
"1821","Sports",50,15,2
"1822","Sports",50,15,18
"1823","Sports",50,15,7
"1824","Sports",50,15,1
"1825","Sports",50,15,9
"1826","Sports",50,15,3
"1827","Sports",50,15,6
"1828","Sports",50,15,10
"1829","Sports",50,15,11
"1830","Sports",50,15,11
"1831","Sports",50,15,5
"1832","Sports",50,15,13
"1833","Sports",50,15,5
"1834","Sports",50,15,5
"1835","Sports",50,15,6
"1836","Sports",50,15,7
"1837","Sports",50,15,11
"1838","Sports",50,15,2
"1839","Sports",50,15,7
"1840","Sports",50,15,11
"1841","Sports",50,15,0
"1842","Sports",50,15,0
"1843","Sports",50,15,4
"1844","Sports",50,15,10
"1845","Sports",50,15,0
"1846","Sports",50,15,2
"1847","Sports",50,15,2
"1848","Sports",50,15,7
"1849","Sports",50,15,8
"1850","Sports",50,15,14
"1851","Sports",50,15,33
"1852","Sports",50,15,21
"1853","Sports",50,15,14
"1854","Sports",50,15,17
"1855","Sports",50,15,28
"1856","Sports",50,15,19
"1857","Sports",50,15,23
"1858","Sports",50,15,11
"1859","Sports",50,15,19
"1860","Sports",50,15,24
"1861","Sports",50,15,23
"1862","Sports",50,15,17
"1863","Sports",50,15,64
"1864","Sports",50,15,64
"1865","Sports",50,15,11
"1866","Sports",50,15,22
"1867","Sports",50,15,21
"1868","Sports",50,15,15
"1869","Sports",50,15,19
"1870","Sports",50,15,70
"1871","Sports",50,15,19
"1872","Sports",50,15,15
"1873","Sports",50,15,27
"1874","Sports",50,15,19
"1875","Sports",50,15,12
"1876","Sports",50,15,20
"1877","Sports",50,15,16
"1878","Sports",50,15,17
"1879","Sports",50,15,33
"1880","Sports",50,15,24
"1881","Sports",50,15,18
"1882","Sports",50,15,28
"1883","Sports",50,15,14
"1884","Sports",50,15,115
"1885","Sports",50,15,46
"1886","Sports",50,15,19
"1887","Sports",50,15,8
"1888","Sports",50,15,12
"1889","Sports",50,15,20
"1890","Sports",50,15,33
"1891","Sports",50,15,24
"1892","Sports",50,15,23
"1893","Sports",50,15,15
"1894","Sports",50,15,38
"1895","Sports",50,15,25
"1896","Sports",50,15,115
"1897","Sports",50,15,12
"1898","Sports",50,15,13
"1899","Sports",50,15,11
"1900","Sports",50,15,25
"1901","Sports",50,15,23
"1902","Sports",50,15,24
"1903","Sports",50,15,25
"1904","Sports",50,15,31
"1905","Sports",50,15,22
"1906","Sports",50,15,4
"1907","Sports",50,15,19
"1908","Sports",50,15,4
"1909","Sports",50,15,14
"1910","Sports",50,15,23
"1911","Sports",50,15,27
"1912","Sports",50,15,11
"1913","Sports",50,15,111
"1914","Sports",50,15,11
"1915","Sports",50,15,8
"1916","Sports",50,15,13
"1917","Sports",50,15,17
"1918","Sports",50,15,15
"1919","Sports",50,15,19
"1920","Sports",50,15,28
"1921","Sports",50,15,95
"1922","Sports",50,15,24
"1923","Sports",50,15,95
"1924","Sports",50,15,13
"1925","Sports",50,15,12
"1926","Sports",50,15,46
"1927","Sports",50,15,18
"1928","Sports",50,15,14
"1929","Sports",50,15,16
"1930","Sports",50,15,47
"1931","Sports",50,15,22
"1932","Sports",50,15,36
"1933","Sports",50,15,17
"1934","Sports",50,15,34
"1935","Sports",50,15,114
"1936","Sports",50,15,16
"1937","Sports",50,15,13
"1938","Sports",50,15,23
"1939","Sports",50,15,17
"1940","Sports",50,15,26
"1941","Sports",50,15,20
"1942","Sports",50,15,30
"1943","Sports",50,15,16
"1944","Sports",50,15,115
"1945","Sports",50,15,28
"1946","Sports",50,15,10
"1947","Sports",50,15,23
"1948","Sports",50,15,24
"1949","Sports",50,15,23
"1950","Sports",50,15,12
"1951","Sports",50,15,14
"1952","Sports",50,15,14
"1953","Sports",50,15,71
"1954","Sports",50,15,14
"1955","Sports",50,15,15
"1956","Sports",50,15,21
"1957","Sports",50,15,21
"1958","Sports",50,15,38
"1959","Sports",50,15,35
"1960","Sports",50,15,12
"1961","Sports",50,15,19
"1962","Sports",50,15,27
"1963","Sports",50,15,11
"1964","Sports",50,15,22
"1965","Sports",50,15,9
"1966","Sports",50,15,12
"1967","Sports",50,15,11
"1968","Sports",50,15,13
"1969","Sports",50,15,11
"1970","Sports",50,15,47
"1971","Sports",50,15,46
"1972","Sports",50,15,39
"1973","Sports",50,15,11
"1974","Sports",50,15,19
"1975","Sports",50,15,47
"1976","Sports",50,15,13
"1977","Sports",50,15,9
"1978","Sports",50,15,9
"1979","Sports",50,15,11
"1980","Sports",50,15,13
"1981","Sports",50,15,22
"1982","Sports",50,15,11
"1983","Sports",50,15,4
"1984","Sports",50,15,13
"1985","Sports",50,15,13
"1986","Sports",50,15,14
"1987","Sports",50,15,16
"1988","Sports",50,15,13
"1989","Sports",50,15,11
"1990","Sports",50,15,11
"1991","Sports",50,15,8
"1992","Sports",50,15,15
"1993","Sports",50,15,15
"1994","Sports",50,15,15
"1995","Sports",50,15,8
"1996","Sports",50,15,16
"1997","Sports",50,15,15
"1998","Sports",50,15,9
"1999","Sports",50,15,7
"2000","Sports",50,15,14
"2001","Sports",50,15,27
"2002","Sports",50,15,19
"2003","Sports",50,15,27
"2004","Sports",50,15,8
"2005","Sports",50,15,10
"2006","Sports",50,15,24
"2007","Sports",50,15,6
"2008","Sports",50,15,13
"2009","Sports",50,15,15
"2010","Sports",50,15,16
"2011","Sports",50,15,16
"2012","Sports",50,15,7
"2013","Sports",50,15,14
"2014","Sports",50,15,12
"2015","Sports",50,15,1
"2016","Sports",50,15,29
"2017","Sports",50,15,4
"2018","Sports",50,15,21
"2019","Sports",50,15,28
"2020","Sports",50,15,14
"2021","Sports",50,15,7
"2022","Sports",50,15,21
"2023","Sports",50,15,19
"2024","Sports",50,15,21
"2025","Sports",50,15,11
"2026","Sports",50,15,15
"2027","Sports",50,15,21
"2028","Sports",50,15,12
"2029","Sports",50,15,19
"2030","Sports",50,15,15
"2031","Sports",50,15,11
"2032","Sports",50,15,14
"2033","Sports",50,15,7
"2034","Sports",50,15,9
"2035","Sports",50,15,22
"2036","Sports",50,15,7
"2037","Sports",50,15,18
"2038","Sports",50,15,15
"2039","Sports",50,15,8
"2040","Sports",50,15,13
"2041","Sports",50,15,6
"2042","Sports",50,15,11
"2043","Sports",50,15,26
"2044","Sports",50,15,8
"2045","Sports",50,15,10
"2046","Sports",50,15,14
"2047","Sports",50,15,12
"2048","Sports",50,15,40
"2049","Sports",50,15,11
"2050","Sports",50,15,18
"2051","Sports",50,15,9
"2052","Sports",50,15,15
"2053","Sports",50,15,9
"2054","Sports",50,15,15
"2055","Sports",50,15,15
"2056","Sports",50,15,21
"2057","Sports",50,15,23
"2058","Sports",50,15,15
"2059","Sports",50,15,12
"2060","Sports",50,15,10
"2061","Sports",50,15,9
"2062","Sports",50,15,7
"2063","Sports",50,15,4
"2064","Sports",50,15,1
"2065","Sports",50,15,7
"2066","Sports",50,15,9
"2067","Sports",50,15,9
"2068","Sports",50,15,21
"2069","Sports",50,15,8
"2070","Sports",50,15,8
"2071","Sports",50,15,8
"2072","Sports",50,15,10
"2073","Sports",50,15,31
"2074","Sports",50,15,14
"2075","Sports",50,15,27
"2076","Sports",50,15,12
"2077","Sports",50,15,22
"2078","Sports",50,15,6
"2079","Sports",50,15,6
"2080","Sports",50,15,21
"2081","Sports",50,15,24
"2082","Sports",50,15,7
"2083","Sports",50,15,16
"2084","Sports",50,15,17
"2085","Sports",50,15,22
"2086","Sports",50,15,22
"2087","Sports",50,15,11
"2088","Sports",50,15,21
"2089","Sports",50,15,13
"2090","Sports",50,15,13
"2091","Sports",50,15,12
"2092","Sports",50,15,14
"2093","Sports",50,15,10
"2094","Sports",50,15,9
"2095","Sports",50,15,5
"2096","Sports",50,15,35
"2097","Sports",50,15,13
"2098","Sports",50,15,19
"2099","Sports",50,15,16
"2100","Sports",50,15,12
"2101","Sports",50,15,10
"2102","Sports",50,15,8
"2103","Sports",50,15,8
"2104","Sports",50,15,24
"2105","Sports",50,15,15
"2106","Sports",50,15,11
"2107","Sports",50,15,12
"2108","Sports",50,15,6
"2109","Sports",50,15,14
"2110","Sports",50,15,10
"2111","Sports",50,15,27
"2112","Sports",50,15,15
"2113","Sports",50,15,8
"2114","Sports",50,15,20
"2115","Sports",50,15,22
"2116","Sports",50,15,13
"2117","Sports",50,15,13
"2118","Sports",50,15,11
"2119","Sports",50,15,15
"2120","Sports",50,15,13
"2121","Sports",50,15,12
"2122","Sports",50,15,13
"2123","Sports",50,15,8
"2124","Sports",50,15,16
"2125","Sports",50,15,22
"2126","Sports",50,15,19
"2127","Sports",50,15,19
"2128","Sports",50,15,23
"2129","Sports",50,15,16
"2130","Sports",50,15,7
"2131","Sports",50,15,27
"2132","Sports",50,15,15
"2133","Sports",50,15,40
"2134","Sports",50,15,12
"2135","Sports",50,15,27
"2136","Sports",50,15,23
"2137","Sports",50,15,5
"2138","Sports",50,15,13
"2139","Sports",50,15,19
"2140","Sports",50,15,35
"2141","Sports",50,15,16
"2142","Sports",50,15,18
"2143","Sports",50,15,7
"2144","Sports",50,15,9
"2145","Sports",50,15,10
"2146","Sports",50,15,28
"2147","Sports",50,15,28
"2148","Sports",50,15,26
"2149","Sports",50,15,10
"2150","Sports",50,15,14
"2151","Sports",50,15,19
"2152","Sports",50,15,8
"2153","Sports",50,15,12
"2154","Sports",50,15,11
"2155","Sports",50,15,14
"2156","Sports",50,15,13
"2157","Sports",50,15,11
"2158","Sports",50,15,13
"2159","Sports",50,15,26
"2160","Sports",50,15,3
"2161","Sports",50,15,18
"2162","Sports",50,15,20
"2163","Sports",50,15,12
"2164","Sports",50,15,11
"2165","Sports",50,15,7
"2166","Sports",50,15,10
"2167","Sports",50,15,20
"2168","Sports",50,15,6
"2169","Sports",50,15,21
"2170","Sports",50,15,13
"2171","Sports",50,15,25
"2172","Sports",50,15,16
"2173","Sports",50,15,15
"2174","Sports",50,15,9
"2175","Sports",50,15,21
"2176","Sports",50,15,11
"2177","Sports",50,15,7
"2178","Sports",50,15,33
"2179","Sports",50,15,20
"2180","Sports",50,15,25
"2181","Sports",50,15,10
"2182","Sports",50,15,18
"2183","Sports",50,15,7
"2184","Sports",50,15,12
"2185","Sports",50,15,28
"2186","Sports",50,15,15
"2187","Sports",50,15,19
"2188","Sports",50,15,26
"2189","Sports",50,15,12
"2190","Sports",50,15,22
"2191","Sports",50,15,22
"2192","Sports",50,15,19
"2193","Sports",50,15,24
"2194","Sports",50,15,11
"2195","Sports",50,15,13
"2196","Sports",50,15,32
"2197","Sports",50,15,10
"2198","Sports",50,15,9
"2199","Sports",50,15,1
"2200","Sports",50,15,1
"2201","Sports",50,15,5
"2202","Sports",50,15,5
"2203","Sports",50,15,4
"2204","Sports",50,15,3
"2205","Sports",50,15,7
"2206","Sports",50,15,7
"2207","Sports",50,15,2
"2208","Sports",50,15,15
"2209","Sports",50,15,5
"2210","Sports",50,15,6
"2211","Sports",50,15,9
"2212","Sports",50,15,5
"2213","Sports",50,15,6
"2214","Sports",50,15,2
"2215","Sports",50,15,6
"2216","Sports",50,15,11
"2217","Sports",50,15,6
"2218","Sports",50,15,6
"2219","Sports",50,15,1
"2220","Sports",50,15,15
"2221","Sports",50,15,6
"2222","Sports",50,15,8
"2223","Sports",50,15,1
"2224","Sports",50,15,14
"2225","Sports",50,15,11
"2226","Sports",50,15,5
"2227","Sports",50,15,10
"2228","Sports",50,15,11
"2229","Sports",50,15,8
"2230","Sports",50,15,8
"2231","Sports",50,15,11
"2232","Sports",50,15,6
"2233","Sports",50,15,4
"2234","Sports",50,15,1
"2235","Sports",50,15,8
"2236","Sports",50,15,7
"2237","Sports",50,15,6
"2238","Sports",50,15,6
"2239","Sports",50,15,14
"2240","Sports",50,15,9
"2241","Sports",50,15,3
"2242","Sports",50,15,8
"2243","Sports",50,15,1
"2244","Sports",50,15,7
"2245","Sports",50,15,15
"2246","Sports",50,15,6
"2247","Sports",50,15,12
"2248","Sports",50,15,14
"2249","Sports",50,15,8
"2250","Sports",50,15,6
"2251","Sports",50,15,7
"2252","Sports",50,15,16
"2253","Sports",50,15,7
"2254","Sports",50,15,7
"2255","Sports",50,15,9
"2256","Sports",50,15,13
"2257","Sports",50,15,7
"2258","Sports",50,15,7
"2259","Sports",50,15,4
"2260","Sports",50,15,13
"2261","Sports",50,15,11
"2262","Sports",50,15,1
"2263","Sports",50,15,7
"2264","Sports",50,15,16
"2265","Sports",50,15,7
"2266","Sports",50,15,13
"2267","Sports",50,15,7
"2268","Sports",50,15,18
"2269","Sports",50,15,19
"2270","Sports",50,15,12
"2271","Sports",50,15,13
"2272","Sports",50,15,9
"2273","Sports",50,15,3
"2274","Sports",50,15,9
"2275","Sports",50,15,6
"2276","Sports",50,15,13
"2277","Sports",50,15,3
"2278","Sports",50,15,1
"2279","Sports",50,15,6
"2280","Sports",50,15,5
"2281","Sports",50,15,0
"2282","Sports",50,15,6
"2283","Sports",50,15,3
"2284","Sports",50,15,15
"2285","Sports",50,15,15
"2286","Sports",50,15,5
"2287","Sports",50,15,5
"2288","Sports",50,15,16
"2289","Sports",50,15,22
"2290","Sports",50,15,4
"2291","Sports",50,15,3
"2292","Sports",50,15,8
"2293","Sports",50,15,6
"2294","Sports",50,15,15
"2295","Sports",50,15,6
"2296","Sports",50,15,18
"2297","Sports",50,15,2
"2298","Sports",50,15,6
"2299","Sports",50,15,2
"2300","Sports",50,15,6
"2301","Sports",50,15,10
"2302","Sports",50,15,11
"2303","Sports",50,15,7
"2304","Sports",50,15,19
"2305","Sports",50,15,15
"2306","Sports",50,15,18
"2307","Sports",50,15,19
"2308","Sports",50,15,6
"2309","Sports",50,15,19
"2310","Sports",50,15,4
"2311","Sports",50,15,6
"2312","Sports",50,15,9
"2313","Sports",50,15,10
"2314","Sports",50,15,44
"2315","Sports",50,15,44
"2316","Sports",50,15,29
"2317","Sports",50,15,29
"2318","Sports",50,15,29
"2319","Sports",50,15,3
"2320","Sports",50,15,8
"2321","Sports",50,15,3
"2322","Sports",50,15,44
"2323","Sports",50,15,28
"2324","Sports",50,15,14
"2325","Sports",50,15,12
"2326","Sports",50,15,44
"2327","Sports",50,15,14
"2328","Sports",50,15,46
"2329","Sports",50,15,11
"2330","Sports",50,15,15
"2331","Sports",50,15,33
"2332","Sports",50,15,5
"2333","Sports",50,15,21
"2334","Sports",50,15,13
"2335","Sports",50,15,18
"2336","Sports",50,15,8
"2337","Sports",50,15,9
"2338","Sports",50,15,59
"2339","Sports",50,15,20
"2340","Sports",50,15,55
"2341","Sports",50,15,15
"2342","Sports",50,15,18
"2343","Sports",50,15,20
"2344","Sports",50,15,15
"2345","Sports",50,15,18
"2346","Sports",50,15,8
"2347","Sports",50,15,15
"2348","Sports",50,15,5
"2349","Sports",50,15,9
"2350","Sports",50,15,27
"2351","Sports",50,15,24
"2352","Sports",50,15,26
"2353","Sports",50,15,29
"2354","Sports",50,15,9
"2355","Sports",50,15,24
"2356","Sports",50,15,41
"2357","Sports",50,15,14
"2358","Sports",50,15,44
"2359","Sports",50,15,18
"2360","Sports",50,15,31
"2361","Sports",50,15,44
"2362","Sports",50,15,16
"2363","Sports",50,15,12
"2364","Sports",50,15,18
"2365","Sports",50,15,55
"2366","Sports",50,15,29
"2367","Sports",50,15,40
"2368","Sports",50,15,16
"2369","Sports",50,15,74
"2370","Sports",50,15,29
"2371","Sports",50,15,2
"2372","Sports",50,15,22
"2373","Sports",50,15,4
"2374","Sports",50,15,3
"2375","Sports",50,15,7
"2376","Sports",50,15,6
"2377","Sports",50,15,4
"2378","Sports",50,15,23
"2379","Sports",50,15,14
"2380","Sports",50,15,31
"2381","Sports",50,15,18
"2382","Sports",50,15,18
"2383","Sports",50,15,16
"2384","Sports",50,15,8
"2385","Sports",50,15,31
"2386","Sports",50,15,31
"2387","Sports",50,15,44
"2388","Sports",50,15,2
"2389","Sports",50,15,6
"2390","Sports",50,15,6
"2391","Sports",50,15,28
"2392","Sports",50,15,18
"2393","Sports",50,15,18
"2394","Sports",50,15,18
"2395","Sports",50,15,55
"2396","Sports",50,15,18
"2397","Sports",50,15,6
"2398","Sports",50,15,32
"2399","Sports",50,15,9
"2400","Sports",50,15,9
"2401","Sports",50,15,28
"2402","Sports",50,15,18
"2403","Sports",50,15,15
"2404","Sports",50,15,14
"2405","Sports",50,15,11
"2406","Sports",50,15,2
"2407","Sports",50,15,24
"2408","Sports",50,15,16
"2409","Sports",50,15,11
"2410","Sports",50,15,8
"2411","Sports",50,15,16
"2412","Sports",50,15,4
"2413","Sports",50,15,9
"2414","Sports",50,15,9
"2415","Sports",50,15,22
"2416","Sports",50,15,13
"2417","Sports",50,15,33
"2418","Sports",50,15,12
"2419","Sports",50,15,34
"2420","Sports",50,15,55
"2421","Sports",50,15,19
"2422","Sports",50,15,11
"2423","Sports",50,15,5
"2424","Sports",50,15,10
"2425","Sports",50,15,3
"2426","Sports",50,15,9
"2427","Sports",50,15,7
"2428","Sports",50,15,13
"2429","Sports",50,15,9
"2430","Sports",50,15,12
"2431","Sports",50,15,1
"2432","Sports",50,15,0
"2433","Sports",50,15,10
"2434","Sports",50,15,7
"2435","Sports",50,15,4
"2436","Sports",50,15,13
"2437","Sports",50,15,8
"2438","Sports",50,15,15
"2439","Sports",50,15,3
"2440","Sports",50,15,10
"2441","Sports",50,15,3
"2442","Sports",50,15,12
"2443","Sports",50,15,3
"2444","Sports",50,15,8
"2445","Sports",50,15,11
"2446","Sports",50,15,3
"2447","Sports",50,15,5
"2448","Sports",50,15,1
"2449","Sports",50,15,1
"2450","Sports",50,15,5
"2451","Sports",50,15,3
"2452","Sports",50,15,8
"2453","Sports",50,15,1
"2454","Sports",50,15,7
"2455","Sports",50,15,3
"2456","Sports",50,15,6
"2457","Sports",50,15,12
"2458","Sports",50,15,3
"2459","Sports",50,15,2
"2460","Sports",50,15,8
"2461","Sports",50,15,6
"2462","Sports",50,15,5
"2463","Sports",50,15,6
"2464","Sports",50,15,9
"2465","Sports",50,15,10
"2466","Sports",50,15,2
"2467","Sports",50,15,5
"2468","Sports",50,15,5
"2469","Sports",50,15,10
"2470","Sports",50,15,2
"2471","Sports",50,15,17
"2472","Sports",50,15,1
"2473","Sports",50,15,4
"2474","Sports",50,15,10
"2475","Sports",50,15,8
"2476","Sports",50,15,9
"2477","Sports",50,15,6
"2478","Sports",50,15,4
"2479","Sports",50,15,2
"2480","Sports",50,15,12
"2481","Sports",50,15,9
"2482","Sports",50,15,4
"2483","Sports",50,15,6
"2484","Sports",50,15,14
"2485","Sports",50,15,13
"2486","Sports",50,15,16
"2487","Sports",50,15,23
"2488","Sports",50,15,11
"2489","Sports",50,15,8
"2490","Sports",50,15,14
"2491","Sports",50,15,3
"2492","Sports",50,15,1
"2493","Sports",50,15,11
"2494","Sports",50,15,15
"2495","Sports",50,15,11
"2496","Sports",50,15,8
"2497","Sports",50,15,10
"2498","Sports",50,15,10
"2499","Sports",50,15,10
"2500","Sports",50,15,6
"2501","Sports",50,15,15
"2502","Sports",50,15,5
"2503","Sports",50,15,10
"2504","Sports",50,15,12
"2505","Sports",50,15,5
"2506","Sports",50,15,2
"2507","Sports",50,15,19
"2508","Sports",50,15,12
"2509","Sports",50,15,0
"2510","Sports",50,15,16
"2511","Sports",50,15,12
"2512","Sports",50,15,6
"2513","Sports",50,15,6
"2514","Sports",50,15,17
"2515","Sports",50,15,17
"2516","Sports",50,15,12
"2517","Sports",50,15,2
"2518","Sports",50,15,4
"2519","Sports",50,15,20
"2520","Sports",50,15,14
"2521","Sports",50,15,3
"2522","Sports",50,15,14
"2523","Sports",50,15,8
"2524","Sports",50,15,13
"2525","Sports",50,15,8
"2526","Sports",50,15,8
"2527","Sports",50,15,16
"2528","Sports",50,15,21
"2529","Sports",50,15,14
"2530","Sports",50,15,11
"2531","Sports",50,15,14
"2532","Sports",50,15,3
"2533","Sports",50,15,11
"2534","Sports",50,15,32
"2535","Sports",50,15,22
"2536","Sports",50,15,14
"2537","Sports",50,15,8
"2538","Sports",50,15,15
"2539","Sports",50,15,13
"2540","Sports",50,15,6
"2541","Sports",50,15,2
"2542","Sports",50,15,2
"2543","Sports",50,15,18
"2544","Sports",50,15,14
"2545","Sports",50,15,10
"2546","Sports",50,15,3
"2547","Sports",50,15,24
"2548","Sports",50,15,12
"2549","Sports",50,15,6
"2550","Sports",50,15,6
"2551","Sports",50,15,2
"2552","Sports",50,15,4
"2553","Sports",50,15,2
"2554","Sports",50,15,5
"2555","Sports",50,15,12
"2556","Sports",50,15,11
"2557","Sports",50,15,17
"2558","Sports",50,15,7
"2559","Sports",50,15,7
"2560","Sports",50,15,15
"2561","Sports",50,15,14
"2562","Sports",50,15,5
"2563","Sports",50,15,6
"2564","Sports",50,15,5
"2565","Sports",50,15,12
"2566","Sports",50,15,1
"2567","Sports",50,15,17
"2568","Sports",50,15,4
"2569","Sports",50,15,13
"2570","Sports",50,15,5
"2571","Sports",50,15,20
"2572","Sports",50,15,10
"2573","Sports",50,15,4
"2574","Sports",50,15,11
"2575","Sports",50,15,5
"2576","Sports",50,15,7
"2577","Sports",50,15,7
"2578","Sports",50,15,14
"2579","Sports",50,15,8
"2580","Sports",50,15,5
"2581","Sports",50,15,17
"2582","Sports",50,15,34
"2583","Sports",50,15,7
"2584","Sports",50,15,6
"2585","Sports",50,15,32
"2586","Sports",50,15,5
"2587","Sports",50,15,4
"2588","Sports",50,15,2
"2589","Sports",50,15,6
"2590","Sports",50,15,18
"2591","Sports",50,15,13
"2592","Sports",50,15,32
"2593","Sports",50,15,4
"2594","Sports",50,15,17
"2595","Sports",50,15,5
"2596","Sports",50,15,6
"2597","Sports",50,15,6
"2598","Sports",50,15,3
"2599","Sports",50,15,8
"2600","Sports",50,15,6
"2601","Sports",50,15,7
"2602","Sports",50,15,8
"2603","Sports",50,15,6
"2604","Sports",50,15,6
"2605","Sports",50,15,7
"2606","Sports",50,15,7
"2607","Sports",50,15,7
"2608","Sports",50,15,7
"2609","Sports",50,15,6
"2610","Sports",50,15,7
"2611","Sports",50,15,7
"2612","Sports",50,15,7
"2613","Sports",50,15,22
"2614","Sports",50,15,12
"2615","Sports",50,15,7
"2616","Sports",50,15,9
"2617","Sports",50,15,9
"2618","Sports",50,15,11
"2619","Sports",50,15,7
"2620","Sports",50,15,4
"2621","Sports",50,15,9
"2622","Sports",50,15,7
"2623","Sports",50,15,11
"2624","Sports",50,15,7
"2625","Sports",50,15,4
"2626","Sports",50,15,7
"2627","Sports",50,15,8
"2628","Sports",50,15,8
"2629","Sports",50,15,8
"2630","Sports",50,15,9
"2631","Sports",50,15,1
"2632","Sports",50,15,6
"2633","Sports",50,15,7
"2634","Sports",50,15,4
"2635","Sports",50,15,7
"2636","Sports",50,15,13
"2637","Sports",50,15,11
"2638","Sports",50,15,6
"2639","Sports",50,15,4
"2640","Sports",50,15,8
"2641","Sports",50,15,5
"2642","Sports",50,15,6
"2643","Sports",50,15,12
"2644","Sports",50,15,11
"2645","Sports",50,15,8
"2646","Sports",50,15,1
"2647","Sports",50,15,5
"2648","Sports",50,15,5
"2649","Sports",50,15,6
"2650","Sports",50,15,6
"2651","Sports",50,15,5
"2652","Sports",50,15,1
"2653","Sports",50,15,11
"2654","Sports",50,15,3
"2655","Sports",50,15,8
"2656","Sports",50,15,4
"2657","Sports",50,15,2
"2658","Sports",50,15,6
"2659","Sports",50,15,11
"2660","Sports",50,15,10
"2661","Sports",50,15,9
"2662","Sports",50,15,11
"2663","Sports",50,15,3
"2664","Sports",50,15,7
"2665","Sports",50,15,7
"2666","Sports",50,15,13
"2667","Sports",50,15,9
"2668","Sports",50,15,8
"2669","Sports",50,15,11
"2670","Sports",50,15,5
"2671","Sports",50,15,2
"2672","Sports",50,15,2
"2673","Sports",50,15,15
"2674","Sports",50,15,12
"2675","Sports",50,15,7
"2676","Sports",50,15,6
"2677","Sports",50,15,13
"2678","Sports",50,15,5
"2679","Sports",50,15,5
"2680","Sports",50,15,3
"2681","Sports",50,15,11
"2682","Sports",50,15,5
"2683","Sports",50,15,10
"2684","Sports",50,15,1
"2685","Sports",50,15,9
"2686","Sports",50,15,1
"2687","Sports",50,15,4
"2688","Sports",50,15,12
"2689","Sports",50,15,4
"2690","Sports",50,15,15
"2691","Sports",50,15,9
"2692","Sports",50,15,1
"2693","Sports",50,15,72
"2694","Sports",50,15,3
"2695","Sports",50,15,6
"2696","Sports",50,15,1
"2697","Sports",50,15,1
"2698","Sports",50,15,11
"2699","Sports",50,15,11
"2700","Sports",50,15,4
"2701","Sports",50,15,11
"2702","Sports",50,15,8
"2703","Sports",50,15,1
"2704","Sports",50,15,8
"2705","Sports",50,15,15
"2706","Sports",50,15,13
"2707","Sports",50,15,13
"2708","Sports",50,15,14
"2709","Sports",50,15,1
"2710","Sports",50,15,16
"2711","Sports",50,15,13
"2712","Sports",50,15,11
"2713","Sports",50,15,13
"2714","Sports",50,15,3
"2715","Sports",50,15,3
"2716","Sports",50,15,1
"2717","Sports",50,15,3
"2718","Sports",50,15,7
"2719","Sports",50,15,5
"2720","Sports",50,15,6
"2721","Sports",50,15,5
"2722","Sports",50,15,6
"2723","Sports",50,15,11
"2724","Sports",50,15,8
"2725","Sports",50,15,6
"2726","Sports",50,15,7
"2727","Sports",50,15,3
"2728","Sports",50,15,5
"2729","Sports",50,15,5
"2730","Sports",50,15,14
"2731","Sports",50,15,7
"2732","Sports",50,15,4
"2733","Sports",50,15,9
"2734","Sports",50,15,8
"2735","Sports",50,15,5
"2736","Sports",50,15,14
"2737","Sports",50,15,5
"2738","Sports",50,15,8
"2739","Sports",50,15,8
"2740","Sports",50,15,7
"2741","Sports",50,15,7
"2742","Sports",50,15,2
"2743","Sports",50,15,3
"2744","Sports",50,15,7
"2745","Sports",50,15,9
"2746","Sports",50,15,6
"2747","Sports",50,15,2
"2748","Sports",50,15,5
"2749","Sports",50,15,2
"2750","Sports",50,15,10
"2751","Sports",50,15,1
"2752","Sports",50,15,11
"2753","Sports",50,15,3
"2754","Sports",50,15,1
"2755","Sports",50,15,6
"2756","Sports",50,15,2
"2757","Sports",50,15,1
"2758","Sports",50,15,14
"2759","Sports",50,15,10
"2760","Sports",50,15,2
"2761","Sports",50,15,5
"2762","Sports",50,15,4
"2763","Sports",50,15,4
"2764","Sports",50,15,18
"2765","Sports",50,15,1
"2766","Sports",50,15,2
"2767","Sports",50,15,3
"2768","Sports",50,15,3
"2769","Sports",50,15,3
"2770","Sports",50,15,12
"2771","Sports",50,15,4
"2772","Sports",50,15,2
"2773","Sports",50,15,1
"2774","Sports",50,15,1
"2775","Sports",50,15,8
"2776","Sports",50,15,3
"2777","Sports",50,15,6
"2778","Sports",50,15,3
"2779","Sports",50,15,0
"2780","Sports",50,15,9
"2781","Sports",50,15,12
"2782","Sports",50,15,11
"2783","Sports",50,15,8
"2784","Sports",50,15,13
"2785","Sports",50,15,13
"2786","Sports",50,15,3
"2787","Sports",50,15,1
"2788","Sports",50,15,2
"2789","Sports",50,15,0
"2790","Sports",50,15,7
"2791","Sports",50,15,6
"2792","Sports",50,15,0
"2793","Sports",50,15,3
"2794","Sports",50,15,2
"2795","Sports",50,15,4
"2796","Sports",50,15,3
"2797","Sports",50,15,4
"2798","Sports",50,15,5
"2799","Sports",50,15,4
"2800","Sports",50,15,10
"2801","Sports",50,15,6
"2802","Sports",50,15,11
"2803","Sports",50,15,7
"2804","Sports",50,15,5
"2805","Sports",50,15,15
"2806","Sports",50,15,8
"2807","Sports",50,15,6
"2808","Sports",50,15,10
"2809","Sports",50,15,3
"2810","Sports",50,15,2
"2811","Sports",50,15,5
"2812","Sports",50,15,4
"2813","Sports",50,15,2
"2814","Sports",50,15,8
"2815","Sports",50,15,2
"2816","Sports",50,15,2
"2817","Sports",50,15,6
"2818","Sports",50,15,7
"2819","Sports",50,15,8
"2820","Sports",50,15,8
"2821","Sports",50,15,13
"2822","Sports",50,15,3
"2823","Sports",50,15,7
"2824","Sports",50,15,16
"2825","Sports",50,15,1
"2826","Sports",50,15,25
"2827","Sports",50,15,9
"2828","Sports",50,15,12
"2829","Sports",50,15,13
"2830","Sports",50,15,6
"2831","Sports",50,15,4
"2832","Sports",50,15,2
"2833","Sports",50,15,4
"2834","Sports",50,15,3
"2835","Sports",50,15,2
"2836","Sports",50,15,6
"2837","Sports",50,15,6
"2838","Sports",50,15,2
"2839","Sports",50,15,8
"2840","Sports",50,15,19
"2841","Sports",50,15,18
"2842","Sports",50,15,15
"2843","Sports",50,15,4
"2844","Sports",50,15,2
"2845","Sports",50,15,10
"2846","Sports",50,15,3
"2847","Sports",50,15,13
"2848","Sports",50,15,10
"2849","Sports",50,15,9
"2850","Sports",50,15,2
"2851","Sports",50,15,21
"2852","Sports",50,15,8
"2853","Sports",50,15,9
"2854","Sports",50,15,7
"2855","Sports",50,15,7
"2856","Sports",50,15,8
"2857","Sports",50,15,5
"2858","Sports",50,15,9
"2859","Sports",50,15,14
"2860","Sports",50,15,15
"2861","Sports",50,15,9
"2862","Sports",50,15,17
"2863","Sports",50,15,13
"2864","Sports",50,15,13
"2865","Sports",50,15,8
"2866","Sports",50,15,2
"2867","Sports",50,15,6
"2868","Sports",50,15,0
"2869","Sports",50,15,3
"2870","Sports",50,15,13
"2871","Sports",50,15,0
"2872","Sports",50,15,17
"2873","Sports",50,15,7
"2874","Sports",50,15,1
"2875","Sports",50,15,3
"2876","Sports",50,15,14
"2877","Sports",50,15,8
"2878","Sports",50,15,6
"2879","Sports",50,15,3
"2880","Sports",50,15,7
"2881","Sports",50,15,9
"2882","Sports",50,15,17
"2883","Sports",50,15,5
"2884","Sports",50,15,17
"2885","Sports",50,15,2
"2886","Sports",50,15,9
"2887","Sports",50,15,4
"2888","Sports",50,15,20
"2889","Sports",50,15,0
"2890","Sports",50,15,13
"2891","Sports",50,15,4
"2892","Sports",50,15,14
"2893","Sports",50,15,17
"2894","Sports",50,15,16
"2895","Sports",50,15,4
"2896","Sports",50,15,11
"2897","Sports",50,15,2
"2898","Sports",50,15,10
"2899","Sports",50,15,6
"2900","Sports",50,15,14
"2901","Sports",50,15,21
"2902","Sports",50,15,2
"2903","Sports",50,15,24
"2904","Sports",50,15,32
"2905","Sports",50,15,7
"2906","Sports",50,15,11
"2907","Sports",50,15,15
"2908","Sports",50,15,41
"2909","Sports",50,15,19
"2910","Sports",50,15,19
"2911","Sports",50,15,23
"2912","Sports",50,15,16
"2913","Sports",50,15,14
"2914","Sports",50,15,23
"2915","Sports",50,15,3
"2916","Sports",50,15,13
"2917","Sports",50,15,8
"2918","Sports",50,15,11
"2919","Sports",50,15,13
"2920","Sports",50,15,32
"2921","Sports",50,15,11
"2922","Sports",50,15,7
"2923","Sports",50,15,10
"2924","Sports",50,15,8
"2925","Sports",50,15,10
"2926","Sports",50,15,2
"2927","Sports",50,15,19
"2928","Sports",50,15,16
"2929","Sports",50,15,70
"2930","Sports",50,15,31
"2931","Sports",50,15,3
"2932","Sports",50,15,13
"2933","Sports",50,15,38
"2934","Sports",50,15,13
"2935","Sports",50,15,10
"2936","Sports",50,15,24
"2937","Sports",50,15,17
"2938","Sports",50,15,3
"2939","Sports",50,15,14
"2940","Sports",50,15,5
"2941","Sports",50,15,12
"2942","Sports",50,15,13
"2943","Sports",50,15,35
"2944","Sports",50,15,26
"2945","Sports",50,15,6
"2946","Sports",50,15,7
"2947","Sports",50,15,22
"2948","Sports",50,15,22
"2949","Sports",50,15,4
"2950","Sports",50,15,8
"2951","Sports",50,15,15
"2952","Sports",50,15,14
"2953","Sports",50,15,7
"2954","Sports",50,15,10
"2955","Sports",50,15,16
"2956","Sports",50,15,22
"2957","Sports",50,15,10
"2958","Sports",50,15,37
"2959","Sports",50,15,12
"2960","Sports",50,15,28
"2961","Sports",50,15,17
"2962","Sports",50,15,24
"2963","Sports",50,15,58
"2964","Sports",50,15,20
"2965","Sports",50,15,12
"2966","Sports",50,15,4
"2967","Sports",50,15,42
"2968","Sports",50,15,2
"2969","Sports",50,15,4
"2970","Sports",50,15,15
"2971","Sports",50,15,14
"2972","Sports",50,15,21
"2973","Sports",50,15,12
"2974","Sports",50,15,23
"2975","Sports",50,15,12
"2976","Sports",50,15,6
"2977","Sports",50,15,4
"2978","Sports",50,15,36
"2979","Sports",50,15,11
"2980","Sports",50,15,5
"2981","Sports",50,15,36
"2982","Sports",50,15,5
"2983","Sports",50,15,42
"2984","Sports",50,15,13
"2985","Sports",50,15,20
"2986","Sports",50,15,37
"2987","Sports",50,15,85
"2988","Sports",50,15,10
"2989","Sports",50,15,35
"2990","Sports",50,15,26
"2991","Sports",50,15,5
"2992","Sports",50,15,9
"2993","Sports",50,15,9
"2994","Sports",50,15,3
"2995","Sports",50,15,51
"2996","Sports",50,15,24
"2997","Sports",50,15,8
"2998","Sports",50,15,15
"2999","Sports",50,15,5
"3000","Sports",50,15,8
"3001","Sports",50,15,7
"3002","Sports",50,15,18
"3003","Sports",50,15,35
"3004","Sports",50,15,2
"3005","Sports",50,15,110
"3006","Sports",50,15,22
"3007","Sports",50,15,17
"3008","Sports",50,15,21
"3009","Sports",50,15,8
"3010","Sports",50,15,20
"3011","Sports",50,15,24
"3012","Sports",50,15,11
"3013","Sports",50,15,13
"3014","Sports",50,15,8
"3015","Sports",50,15,27
"3016","Sports",50,15,6
"3017","Sports",50,15,33
"3018","Sports",50,15,18
"3019","Sports",50,15,7
"3020","Sports",50,15,21
"3021","Sports",50,15,28
"3022","Sports",50,15,6
"3023","Sports",50,15,33
"3024","Sports",50,15,28
"3025","Sports",50,15,13
"3026","Sports",50,15,24
"3027","Sports",50,15,51
"3028","Sports",50,15,32
"3029","Sports",50,15,14
"3030","Sports",50,15,34
"3031","Sports",50,15,14
"3032","Sports",50,15,13
"3033","Sports",50,15,24
"3034","Sports",50,15,20
"3035","Sports",50,15,26
"3036","Sports",50,15,32
"3037","Sports",50,15,32
"3038","Sports",50,15,34
"3039","Sports",50,15,13
"3040","Sports",50,15,32
"3041","Sports",50,15,9
"3042","Sports",50,15,51
"3043","Sports",50,15,10
"3044","Sports",50,15,58
"3045","Sports",50,15,10
"3046","Sports",50,15,4
"3047","Sports",50,15,8
"3048","Sports",50,15,7
"3049","Sports",50,15,10
"3050","Sports",50,15,2
"3051","Sports",50,15,6
"3052","Sports",50,15,7
"3053","Sports",50,15,6
"3054","Sports",50,15,1
"3055","Sports",50,15,7
"3056","Sports",50,15,7
"3057","Sports",50,15,4
"3058","Sports",50,15,2
"3059","Sports",50,15,3
"3060","Sports",50,15,5
"3061","Sports",50,15,12
"3062","Sports",50,15,5
"3063","Sports",50,15,4
"3064","Sports",50,15,3
"3065","Sports",50,15,1
"3066","Sports",50,15,1
"3067","Sports",50,15,4
"3068","Sports",50,15,4
"3069","Sports",50,15,9
"3070","Sports",50,15,8
"3071","Sports",50,15,3
"3072","Sports",50,15,4
"3073","Sports",50,15,4
"3074","Sports",50,15,4
"3075","Sports",50,15,12
"3076","Sports",50,15,0
"3077","Sports",50,15,1
"3078","Sports",50,15,8
"3079","Sports",50,15,8
"3080","Sports",50,15,6
"3081","Sports",50,15,4
"3082","Sports",50,15,4
"3083","Sports",50,15,4
"3084","Sports",50,15,11
"3085","Sports",50,15,5
"3086","Sports",50,15,7
"3087","Sports",50,15,5
"3088","Sports",50,15,17
"3089","Sports",50,15,4
"3090","Sports",50,15,7
"3091","Sports",50,15,3
"3092","Sports",50,15,1
"3093","Sports",50,15,11
"3094","Sports",50,15,6
"3095","Sports",50,15,6
"3096","Sports",50,15,8
"3097","Sports",50,15,17
"3098","Sports",50,15,4
"3099","Sports",50,15,5
"3100","Sports",50,15,11
"3101","Sports",50,15,10
"3102","Sports",50,15,4
"3103","Sports",50,15,11
"3104","Sports",50,15,5
"3105","Sports",50,15,5
"3106","Sports",50,15,4
"3107","Sports",50,15,8
"3108","Sports",50,15,8
"3109","Sports",50,15,8
"3110","Sports",50,15,5
"3111","Sports",50,15,8
"3112","Sports",50,15,8
"3113","Sports",50,15,7
"3114","Sports",50,15,8
"3115","Sports",50,15,18
"3116","Sports",50,15,14
"3117","Sports",50,15,26
"3118","Sports",50,15,8
"3119","Sports",50,15,17
"3120","Sports",50,15,13
"3121","Sports",50,15,32
"3122","Sports",50,15,20
"3123","Sports",50,15,13
"3124","Sports",50,15,26
"3125","Sports",50,15,18
"3126","Sports",50,15,11
"3127","Sports",50,15,13
"3128","Sports",50,15,11
"3129","Sports",50,15,18
"3130","Sports",50,15,9
"3131","Sports",50,15,16
"3132","Sports",50,15,24
"3133","Sports",50,15,9
"3134","Sports",50,15,21
"3135","Sports",50,15,12
"3136","Sports",50,15,17
"3137","Sports",50,15,2
"3138","Sports",50,15,7
"3139","Sports",50,15,13
"3140","Sports",50,15,17
"3141","Sports",50,15,17
"3142","Sports",50,15,15
"3143","Sports",50,15,16
"3144","Sports",50,15,24
"3145","Sports",50,15,110
"3146","Sports",50,15,16
"3147","Sports",50,15,13
"3148","Sports",50,15,13
"3149","Sports",50,15,21
"3150","Sports",50,15,6
"3151","Sports",50,15,11
"3152","Sports",50,15,46
"3153","Sports",50,15,15
"3154","Sports",50,15,7
"3155","Sports",50,15,43
"3156","Sports",50,15,13
"3157","Sports",50,15,28
"3158","Sports",50,15,13
"3159","Sports",50,15,12
"3160","Sports",50,15,11
"3161","Sports",50,15,6
"3162","Sports",50,15,9
"3163","Sports",50,15,11
"3164","Sports",50,15,31
"3165","Sports",50,15,19
"3166","Sports",50,15,52
"3167","Sports",50,15,11
"3168","Sports",50,15,32
"3169","Sports",50,15,21
"3170","Sports",50,15,18
"3171","Sports",50,15,18
"3172","Sports",50,15,30
"3173","Sports",50,15,30
"3174","Sports",50,15,19
"3175","Sports",50,15,52
"3176","Sports",50,15,25
"3177","Sports",50,15,16
"3178","Sports",50,15,39
"3179","Sports",50,15,12
"3180","Sports",50,15,30
"3181","Sports",50,15,12
"3182","Sports",50,15,0
"3183","Sports",50,15,4
"3184","Sports",50,15,11
"3185","Sports",50,15,16
"3186","Sports",50,15,28
"3187","Sports",50,15,14
"3188","Sports",50,15,6
"3189","Sports",50,15,13
"3190","Sports",50,15,12
"3191","Sports",50,15,17
"3192","Sports",50,15,24
"3193","Sports",50,15,16
"3194","Sports",50,15,35
"3195","Sports",50,15,11
"3196","Sports",50,15,23
"3197","Sports",50,15,2
"3198","Sports",50,15,8
"3199","Sports",50,15,11
"3200","Sports",50,15,5
"3201","Sports",50,15,10
"3202","Sports",50,15,23
"3203","Sports",50,15,17
"3204","Sports",50,15,2
"3205","Sports",50,15,5
"3206","Sports",50,15,13
"3207","Sports",50,15,7
"3208","Sports",50,15,16
"3209","Sports",50,15,25
"3210","Sports",50,15,12
"3211","Sports",50,15,13
"3212","Sports",50,15,18
"3213","Sports",50,15,28
"3214","Sports",50,15,8
"3215","Sports",50,15,13
"3216","Sports",50,15,2
"3217","Sports",50,15,8
"3218","Sports",50,15,13
"3219","Sports",50,15,5
"3220","Sports",50,15,12
"3221","Sports",50,15,7
"3222","Sports",50,15,12
"3223","Sports",50,15,11
"3224","Sports",50,15,11
"3225","Sports",50,15,9
"3226","Sports",50,15,14
"3227","Sports",50,15,28
"3228","Sports",50,15,17
"3229","Sports",50,15,18
"3230","Sports",50,15,17
"3231","Sports",50,15,15
"3232","Sports",50,15,14
"3233","Sports",50,15,10
"3234","Sports",50,15,18
"3235","Sports",50,15,35
"3236","Sports",50,15,8
"3237","Sports",50,15,11
"3238","Sports",50,15,16
"3239","Sports",50,15,9
"3240","Sports",50,15,11
"3241","Sports",50,15,1
"3242","Sports",50,15,13
"3243","Sports",50,15,35
"3244","Sports",50,15,13
"3245","Sports",50,15,18
"3246","Sports",50,15,8
"3247","Sports",50,15,8
"3248","Sports",50,15,31
"3249","Sports",50,15,12
"3250","Sports",50,15,5
"3251","Sports",50,15,5
"3252","Sports",50,15,1
"3253","Sports",50,15,8
"3254","Sports",50,15,17
"3255","Sports",50,15,13
"3256","Sports",50,15,14
"3257","Sports",50,15,57
"3258","Sports",50,15,2
"3259","Sports",50,15,6
"3260","Sports",50,15,8
"3261","Sports",50,15,31
"3262","Sports",50,15,28
"3263","Sports",50,15,8
"3264","Sports",50,15,7
"3265","Sports",50,15,6
"3266","Sports",50,15,14
"3267","Sports",50,15,2
"3268","Sports",50,15,2
"3269","Sports",50,15,0
"3270","Sports",50,15,4
"3271","Sports",50,15,5
"3272","Sports",50,15,4
"3273","Sports",50,15,2
"3274","Sports",50,15,8
"3275","Sports",50,15,5
"3276","Sports",50,15,6
"3277","Sports",50,15,3
"3278","Sports",50,15,14
"3279","Sports",50,15,0
"3280","Sports",50,15,12
"3281","Sports",50,15,5
"3282","Sports",50,15,2
"3283","Sports",50,15,9
"3284","Sports",50,15,8
"3285","Sports",50,15,11
"3286","Sports",50,15,4
"3287","Sports",50,15,14
"3288","Sports",50,15,0
"3289","Sports",50,15,7
"3290","Sports",50,15,14
"3291","Sports",50,15,5
"3292","Sports",50,15,1
"3293","Sports",50,15,10
"3294","Sports",50,15,7
"3295","Sports",50,15,4
"3296","Sports",50,15,1
"3297","Sports",50,15,6
"3298","Sports",50,15,5
"3299","Sports",50,15,5
"3300","Sports",50,15,2
"3301","Sports",50,15,0
"3302","Sports",50,15,26
"3303","Sports",50,15,2
"3304","Sports",50,15,5
"3305","Sports",50,15,14
"3306","Sports",50,15,9
"3307","Sports",50,15,11
"3308","Sports",50,15,6
"3309","Sports",50,15,3
"3310","Sports",50,15,9
"3311","Sports",50,15,2
"3312","Sports",50,15,8
"3313","Sports",50,15,6
"3314","Sports",50,15,4
"3315","Sports",50,15,2
"3316","Sports",50,15,11
"3317","Sports",50,15,3
"3318","Sports",50,15,17
"3319","Sports",50,15,5
"3320","Sports",50,15,2
"3321","Sports",50,15,3
"3322","Sports",50,15,5
"3323","Sports",50,15,6
"3324","Sports",50,15,4
"3325","Sports",50,15,0
"3326","Sports",50,15,2
"3327","Sports",50,15,3
"3328","Sports",50,15,2
"3329","Sports",50,15,9
"3330","Sports",50,15,19
"3331","Sports",50,15,9
"3332","Sports",50,15,12
"3333","Sports",50,15,12
"3334","Sports",50,15,2
"3335","Sports",50,15,11
"3336","Sports",50,15,12
"3337","Sports",50,15,5
"3338","Sports",50,15,2
"3339","Sports",50,15,3
"3340","Sports",50,15,2
"3341","Sports",50,15,11
"3342","Sports",50,15,5
"3343","Sports",50,15,5
"3344","Sports",50,15,11
"3345","Sports",50,15,39
"3346","Sports",50,15,4
"3347","Sports",50,15,9
"3348","Sports",50,15,6
"3349","Sports",50,15,3
"3350","Sports",50,15,3
"3351","Sports",50,15,9
"3352","Sports",50,15,10
"3353","Sports",50,15,0
"3354","Sports",50,15,4
"3355","Sports",50,15,10
"3356","Sports",50,15,4
"3357","Sports",50,15,5
"3358","Sports",50,15,6
"3359","Sports",50,15,1
"3360","Sports",50,15,6
"3361","Sports",50,15,16
"3362","Sports",50,15,1
"3363","Sports",50,15,11
"3364","Sports",50,15,5
"3365","Sports",50,15,2
"3366","Sports",50,15,3
"3367","Sports",50,15,1
"3368","Sports",50,15,6
"3369","Sports",50,15,4
"3370","Sports",50,15,12
"3371","Sports",50,15,4
"3372","Sports",50,15,7
"3373","Sports",50,15,17
"3374","Sports",50,15,1
"3375","Sports",50,15,4
"3376","Sports",50,15,1
"3377","Sports",50,15,1
"3378","Sports",50,15,4
"3379","Sports",50,15,1
"3380","Sports",50,15,9
"3381","Sports",50,15,4
"3382","Sports",50,15,5
"3383","Sports",50,15,2
"3384","Sports",50,15,4
"3385","Sports",50,15,12
"3386","Sports",50,15,8
"3387","Sports",50,15,4
"3388","Sports",50,15,5
"3389","Sports",50,15,12
"3390","Sports",50,15,10
"3391","Sports",50,15,12
"3392","Sports",50,15,9
"3393","Sports",50,15,6
"3394","Sports",50,15,18
"3395","Sports",50,15,4
"3396","Sports",50,15,4
"3397","Sports",50,15,12
"3398","Sports",50,15,1
"3399","Sports",50,15,6
"3400","Sports",50,15,25
"3401","Sports",50,15,4
"3402","Sports",50,15,5
"3403","Sports",50,15,20
"3404","Sports",50,15,4
"3405","Sports",50,15,6
"3406","Sports",50,15,13
"3407","Sports",50,15,5
"3408","Sports",50,15,4
"3409","Sports",50,15,5
"3410","Sports",50,15,9
"3411","Sports",50,15,1
"3412","Sports",50,15,5
"3413","Sports",50,15,4
"3414","Sports",50,15,16
"3415","Sports",50,15,6
"3416","Sports",50,15,5
"3417","Sports",50,15,6
"3418","Sports",50,15,11
"3419","Sports",50,15,5
"3420","Sports",50,15,6
"3421","Sports",50,15,17
"3422","Sports",50,15,4
"3423","Sports",50,15,7
"3424","Sports",50,15,7
"3425","Sports",50,15,6
"3426","Sports",50,15,8
"3427","Sports",50,15,9
"3428","Sports",50,15,11
"3429","Sports",50,15,17
"3430","Sports",50,15,18
"3431","Sports",50,15,15
"3432","Sports",50,15,9
"3433","Sports",50,15,25
"3434","Sports",50,15,24
"3435","Sports",50,15,7
"3436","Sports",50,15,18
"3437","Sports",50,15,12
"3438","Sports",50,15,9
"3439","Sports",50,15,9
"3440","Sports",50,15,14
"3441","Sports",50,15,15
"3442","Sports",50,15,13
"3443","Sports",50,15,18
"3444","Sports",50,15,10
"3445","Sports",50,15,15
"3446","Sports",50,15,3
"3447","Sports",50,15,19
"3448","Sports",50,15,9
"3449","Sports",50,15,14
"3450","Sports",50,15,16
"3451","Sports",50,15,7
"3452","Sports",50,15,4
"3453","Sports",50,15,13
"3454","Sports",50,15,7
"3455","Sports",50,15,0
"3456","Sports",50,15,14
"3457","Sports",50,15,12
"3458","Sports",50,15,4
"3459","Sports",50,15,14
"3460","Sports",50,15,10
"3461","Sports",50,15,22
"3462","Sports",50,15,21
"3463","Sports",50,15,2
"3464","Sports",50,15,2
"3465","Sports",50,15,11
"3466","Sports",50,15,10
"3467","Sports",50,15,4
"3468","Sports",50,15,9
"3469","Sports",50,15,12
"3470","Sports",50,15,9
"3471","Sports",50,15,9
"3472","Sports",50,15,42
"3473","Sports",50,15,11
"3474","Sports",50,15,27
"3475","Sports",50,15,29
"3476","Sports",50,15,15
"3477","Sports",50,15,13
"3478","Sports",50,15,9
"3479","Sports",50,15,6
"3480","Sports",50,15,24
"3481","Sports",50,15,13
"3482","Sports",50,15,11
"3483","Sports",50,15,15
"3484","Sports",50,15,20
"3485","Sports",50,15,10
"3486","Sports",50,15,10
"3487","Sports",50,15,10
"3488","Sports",50,15,13
"3489","Sports",50,15,13
"3490","Sports",50,15,9
"3491","Sports",50,15,11
"3492","Sports",50,15,15
"3493","Sports",50,15,12
"3494","Sports",50,15,15
"3495","Sports",50,15,10
"3496","Sports",50,15,26
"3497","Sports",50,15,3
"3498","Sports",50,15,13
"3499","Sports",50,15,2
"3500","Sports",50,15,12
"3501","Sports",50,15,17
"3502","Sports",50,15,16
"3503","Sports",50,15,11
"3504","Sports",50,15,9
"3505","Sports",50,15,7
"3506","Sports",50,15,6
"3507","Sports",50,15,8
"3508","Sports",50,15,21
"3509","Sports",50,15,7
"3510","Sports",50,15,14
"3511","Sports",50,15,10
"3512","Sports",50,15,23
"3513","Sports",50,15,27
"3514","Sports",50,15,11
"3515","Sports",50,15,9
"3516","Sports",50,15,12
"3517","Sports",50,15,8
"3518","Sports",50,15,12
"3519","Sports",50,15,13
"3520","Sports",50,15,14
"3521","Sports",50,15,9
"3522","Sports",50,15,24
"3523","Sports",50,15,12
"3524","Sports",50,15,14
"3525","Sports",50,15,10
"3526","Sports",50,15,3
"3527","Sports",50,15,16
"3528","Sports",50,15,63
"3529","Sports",50,15,32
"3530","Sports",50,15,22
"3531","Sports",50,15,14
"3532","Sports",50,15,8
"3533","Sports",50,15,10
"3534","Sports",50,15,11
"3535","Sports",50,15,45
"3536","Sports",50,15,16
"3537","Sports",50,15,9
"3538","Sports",50,15,24
"3539","Sports",50,15,23
"3540","Sports",50,15,26
"3541","Sports",50,15,17
"3542","Sports",50,15,32
"3543","Sports",50,15,16
"3544","Sports",50,15,46
"3545","Sports",50,15,26
"3546","Sports",50,15,12
"3547","Sports",50,15,10
"3548","Sports",50,15,16
"3549","Sports",50,15,13
"3550","Sports",50,15,41
"3551","Sports",50,15,6
"3552","Sports",50,15,15
"3553","Sports",50,15,20
"3554","Sports",50,15,7
"3555","Sports",50,15,7
"3556","Sports",50,15,20
"3557","Sports",50,15,9
"3558","Sports",50,15,19
"3559","Sports",50,15,27
"3560","Sports",50,15,14
"3561","Sports",50,15,2
"3562","Sports",50,15,39
"3563","Sports",50,15,19
"3564","Sports",50,15,14
"3565","Sports",50,15,60
"3566","Sports",50,15,13
"3567","Sports",50,15,38
"3568","Sports",50,15,38
"3569","Sports",50,15,17
"3570","Sports",50,15,24
"3571","Sports",50,15,19
"3572","Sports",50,15,35
"3573","Sports",50,15,14
"3574","Sports",50,15,11
"3575","Sports",50,15,18
"3576","Sports",50,15,43
"3577","Sports",50,15,40
"3578","Sports",50,15,40
"3579","Sports",50,15,10
"3580","Sports",50,15,28
"3581","Sports",50,15,13
"3582","Sports",50,15,14
"3583","Sports",50,15,11
"3584","Sports",50,15,6
"3585","Sports",50,15,16
"3586","Sports",50,15,7
"3587","Sports",50,15,10
"3588","Sports",50,15,20
"3589","Sports",50,15,24
"3590","Sports",50,15,18
"3591","Sports",50,15,19
"3592","Sports",50,15,27
"3593","Sports",50,15,8
"3594","Sports",50,15,17
"3595","Sports",50,15,13
"3596","Sports",50,15,8
"3597","Sports",50,15,9
"3598","Sports",50,15,13
"3599","Sports",50,15,18
"3600","Sports",50,15,30
"3601","Sports",50,15,8
"3602","Sports",50,15,9
"3603","Sports",50,15,16
"3604","Sports",50,15,20
"3605","Sports",50,15,35
"3606","Sports",50,15,30
"3607","Sports",50,15,21
"3608","Sports",50,15,10
"3609","Sports",50,15,17
"3610","Sports",50,15,18
"3611","Sports",50,15,22
"3612","Sports",50,15,22
"3613","Sports",50,15,20
"3614","Sports",50,15,8
"3615","Sports",50,15,10
"3616","Sports",50,15,39
"3617","Sports",50,15,35
"3618","Sports",50,15,18
"3619","Sports",50,15,31
"3620","Sports",50,15,23
"3621","Sports",50,15,8
"3622","Sports",50,15,43
"3623","Sports",50,15,13
"3624","Sports",50,15,11
"3625","Sports",50,15,10
"3626","Sports",50,15,5
"3627","Sports",50,15,32
"3628","Sports",50,15,23
"3629","Sports",50,15,16
"3630","Sports",50,15,20
"3631","Sports",50,15,42
"3632","Sports",50,15,12
"3633","Sports",50,15,36
"3634","Sports",50,15,19
"3635","Sports",50,15,15
"3636","Sports",50,15,6
"3637","Sports",50,15,4
"3638","Sports",50,15,18
"3639","Sports",50,15,44
"3640","Sports",50,15,23
"3641","Sports",50,15,17
"3642","Sports",50,15,30
"3643","Sports",50,15,21
"3644","Sports",50,15,18
"3645","Sports",50,15,36
"3646","Sports",50,15,5
"3647","Sports",50,15,18
"3648","Sports",50,15,12
"3649","Sports",50,15,35
"3650","Sports",50,15,15
"3651","Sports",50,15,38
"3652","Sports",50,15,12
"3653","Sports",50,15,11
"3654","Sports",50,15,4
"3655","Sports",50,15,21
"3656","Sports",50,15,24
"3657","Sports",50,15,9
"3658","Sports",50,15,6
"3659","Sports",50,15,35
"3660","Sports",50,15,10
"3661","Sports",50,15,21
"3662","Sports",50,15,19
"3663","Sports",50,15,23
"3664","Sports",50,15,14
"3665","Sports",50,15,16
"3666","Sports",50,15,18
"3667","Sports",50,15,13
"3668","Sports",50,15,12
"3669","Sports",50,15,13
"3670","Sports",50,15,17
"3671","Sports",50,15,16
"3672","Sports",50,15,12
"3673","Sports",50,15,22
"3674","Sports",50,15,12
"3675","Sports",50,15,36
"3676","Sports",50,15,19
"3677","Sports",50,15,11
"3678","Sports",50,15,10
"3679","Sports",50,15,8
"3680","Sports",50,15,15
"3681","Sports",50,15,7
"3682","Sports",50,15,15
"3683","Sports",50,15,15
"3684","Sports",50,15,9
"3685","Sports",50,15,9
"3686","Sports",50,15,20
"3687","Sports",50,15,7
"3688","Sports",50,15,8
"3689","Sports",50,15,17
"3690","Sports",50,15,10
"3691","Sports",50,15,11
"3692","Sports",50,15,28
"3693","Sports",50,15,13
"3694","Sports",50,15,35
"3695","Sports",50,15,6
"3696","Sports",50,15,15
"3697","Sports",50,15,35
"3698","Sports",50,15,11
"3699","Sports",50,15,25
"3700","Sports",50,15,6
"3701","Sports",50,15,20
"3702","Sports",50,15,39
"3703","Sports",50,15,8
"3704","Sports",50,15,10
"3705","Sports",50,15,6
"3706","Sports",50,15,21
"3707","Sports",50,15,6
"3708","Sports",50,15,8
"3709","Sports",50,15,11
"3710","Sports",50,15,5
"3711","Sports",50,15,10
"3712","Sports",50,15,8
"3713","Sports",50,15,10
"3714","Sports",50,15,15
"3715","Sports",50,15,10
"3716","Sports",50,15,12
"3717","Sports",50,15,18
"3718","Sports",50,15,45
"3719","Sports",50,15,26
"3720","Sports",50,15,10
"3721","Sports",50,15,35
"3722","Sports",50,15,26
"3723","Sports",50,15,10
"3724","Sports",50,15,10
"3725","Sports",50,15,3
"3726","Sports",50,15,12
"3727","Sports",50,15,14
"3728","Sports",50,15,8
"3729","Sports",50,15,10
"3730","Sports",50,15,6
"3731","Sports",50,15,42
"3732","Sports",50,15,35
"3733","Sports",50,15,11
"3734","Sports",50,15,29
"3735","Sports",50,15,12
"3736","Sports",50,15,14
"3737","Sports",50,15,34
